Id,percentages,Complete BUSCOs (C),Complete and single-copy BUSCOs (S),Complete and duplicated BUSCOs (D),Fragmented BUSCOs (F),Missing BUSCOs (M),total BUSCO groups searched,Number of scaffolds,Number of contigs,Total genome length,Percent gaps,Scaffold N50,Contigs N50
280791,C:99.5%[S:99.3%,438,437,1,0,2,440,73,73,4888254,0.00%,582 KB,582 KB
280792,C:99.5%[S:99.3%,438,437,1,0,2,440,76,76,4887304,0.00%,491 KB,491 KB
280793,C:99.5%[S:99.3%,438,437,1,0,2,440,71,71,4888429,0.00%,334 KB,334 KB
280794,C:99.5%[S:99.3%,438,437,1,0,2,440,75,75,4888184,0.00%,600 KB,600 KB
280795,C:99.5%[S:99.3%,438,437,1,0,2,440,79,79,4887183,0.00%,363 KB,363 KB
280796,C:99.5%[S:99.3%,438,437,1,0,2,440,77,77,4887129,0.00%,297 KB,297 KB
280797,C:99.5%[S:99.3%,438,437,1,0,2,440,67,67,4889416,0.00%,365 KB,365 KB
280798,C:99.5%[S:99.3%,438,437,1,0,2,440,56,56,4891099,0.00%,602 KB,602 KB
AATRIGO01005HV,C:99.5%[S:99.1%,438,436,2,0,2,440,41,41,4959584,0.00%,599 KB,599 KB
GCF_000220605.1,C:99.5%[S:99.3%,438,437,1,0,2,440,37,37,4919733,0.00%,267 KB,267 KB
GCF_000241285.1,C:99.7%[S:99.5%,439,438,1,0,1,440,18,18,4829577,0.00%,370 KB,370 KB
GCF_000475055.1,C:99.5%[S:99.3%,438,437,1,0,2,440,22,23,4856993,0.00%,586 KB,586 KB
GCF_000627115.1,C:99.6%[S:90.7%,438,399,39,0,2,440,26,26,5365338,0.00%,573 KB,573 KB
GCF_000687245.1,C:99.5%[S:99.3%,438,437,1,0,2,440,34,36,5035839,0.01%,376 KB,376 KB
GCF_000710215.1,C:98.6%[S:98.4%,434,433,1,4,2,440,195,195,5365929,0.00%,53 KB,53 KB
GCF_000731125.1,C:99.5%[S:99.3%,438,437,1,0,2,440,5,5,5002566,0.00%,,
GCF_000743785.2,C:99.5%[S:99.3%,438,437,1,0,2,440,4,6,4827890,0.07%,,
GCF_000757415.2,C:99.5%[S:99.3%,438,437,1,0,2,440,16,16,4733829,0.00%,531 KB,531 KB
GCF_000814075.1,C:98.7%[S:98.2%,434,432,2,3,3,440,155,155,4981165,0.00%,152 KB,152 KB
GCF_000952095.1,C:94.1%[S:93.9%,414,413,1,20,6,440,33,33,4765050,0.00%,363 KB,363 KB
GCF_001238615.1,C:99.5%[S:99.3%,438,437,1,0,2,440,92,92,4729004,0.00%,135 KB,135 KB
GCF_001264395.1,C:99.5%[S:98.6%,438,434,4,0,2,440,47,47,4942973,0.00%,175 KB,175 KB
GCF_001288285.1,C:99.5%[S:99.3%,438,437,1,0,2,440,18,18,4775916,0.00%,413 KB,413 KB
GCF_001597625.1,C:99.3%[S:99.1%,437,436,1,1,2,440,4,6,4813581,0.06%,,
GCF_001598475.1,C:99.5%[S:99.3%,438,437,1,0,2,440,25,25,4652040,0.00%,463 KB,463 KB
GCF_001661985.2,C:99.5%[S:99.3%,438,437,1,0,2,440,5,5,5034205,0.00%,,
GCF_001662025.2,C:99.5%[S:99.3%,438,437,1,0,2,440,4,4,5041798,0.00%,,
GCF_001709315.1,C:98.7%[S:98.2%,434,432,2,4,2,440,4,4,5115241,0.00%,,
GCF_002157425.2,C:99.5%[S:97.0%,438,427,11,0,2,440,127,160,5074260,0.08%,112 KB,77 KB
GCF_002222515.1,C:99.5%[S:99.3%,438,437,1,0,2,440,34,46,4794872,0.00%,582 KB,473 KB
GCF_003258435.1,C:99.5%[S:99.3%,438,437,1,0,2,440,24,24,5047763,0.00%,418 KB,418 KB
GCF_003369485.1,C:99.4%[S:98.9%,437,435,2,1,2,440,103,103,4875404,0.00%,125 KB,125 KB
GCF_003369505.1,C:98.7%[S:98.2%,434,432,2,3,3,440,246,246,4968508,0.00%,32 KB,32 KB
GCF_003704305.1,C:99.5%[S:99.3%,438,437,1,0,2,440,4,4,4984468,0.00%,,
GCF_003710245.1,C:99.5%[S:99.3%,438,437,1,0,2,440,28,28,4981783,0.00%,503 KB,503 KB
GCF_003860325.1,C:99.5%[S:99.3%,438,437,1,0,2,440,4,4,4858869,0.00%,,
GCF_004117135.1,C:99.3%[S:99.1%,437,436,1,1,2,440,5,5,5158055,0.00%,,
GCF_004136415.1,C:99.5%[S:99.3%,438,437,1,0,2,440,5,5,5158055,0.00%,,
GCF_004344785.1,C:99.5%[S:99.3%,438,437,1,0,2,440,66,66,5176065,0.00%,256 KB,256 KB
GCF_004792415.1,C:99.5%[S:99.1%,438,436,2,0,2,440,3,3,4790329,0.00%,,
GCF_004793995.1,C:99.5%[S:99.3%,438,437,1,0,2,440,22,22,5046415,0.00%,418 KB,418 KB
GCF_005233495.2,C:99.6%[S:99.1%,438,436,2,0,2,440,4,4,4932464,0.00%,,
GCF_005233795.1,C:99.6%[S:99.1%,438,436,2,0,2,440,54,54,5026237,0.00%,186 KB,186 KB
GCF_005233805.1,C:99.6%[S:99.1%,438,436,2,0,2,440,61,61,4934344,0.00%,182 KB,182 KB
GCF_007050955.1,C:99.6%[S:99.1%,438,436,2,0,2,440,46,46,5000942,0.00%,330 KB,330 KB
GCF_007558755.1,C:99.6%[S:99.1%,438,436,2,0,2,440,52,52,5077592,0.00%,580 KB,580 KB
GCF_009668105.1,C:99.5%[S:99.3%,438,437,1,0,2,440,34,34,4740510,0.00%,413 KB,413 KB
GCF_009759885.1,C:99.5%[S:99.3%,438,437,1,0,2,440,21,21,4846162,0.01%,645 KB,645 KB
GCF_009762725.1,C:99.5%[S:99.3%,438,437,1,0,2,440,4,4,4858648,0.00%,,
GCF_009765475.1,C:99.5%[S:99.3%,438,437,1,0,2,440,5,5,4944994,0.00%,,
GCF_010523255.1,C:99.6%[S:99.1%,438,436,2,0,2,440,4,5,4825350,0.00%,,
GCF_010667775.1,C:99.6%[S:99.1%,438,436,2,0,2,440,19,19,4741789,0.00%,605 KB,605 KB
GCF_010667845.1,C:99.5%[S:99.3%,438,437,1,0,2,440,30,30,4823700,0.00%,551 KB,551 KB
GCF_010667855.1,C:99.5%[S:99.3%,438,437,1,0,2,440,26,26,4714968,0.00%,551 KB,551 KB
GCF_010667865.1,C:99.5%[S:99.3%,438,437,1,0,2,440,24,24,4739540,0.00%,551 KB,551 KB
GCF_010667895.1,C:99.5%[S:99.3%,438,437,1,0,2,440,31,31,4952873,0.00%,551 KB,551 KB
GCF_010667925.1,C:99.6%[S:99.1%,438,436,2,0,2,440,17,17,4530745,0.00%,610 KB,610 KB
GCF_010667945.1,C:99.5%[S:99.3%,438,437,1,0,2,440,47,47,4821784,0.00%,533 KB,533 KB
GCF_010667965.1,C:99.5%[S:99.3%,438,437,1,0,2,440,20,20,4970487,0.00%,518 KB,518 KB
GCF_010667975.1,C:99.5%[S:99.3%,438,437,1,0,2,440,59,59,5229895,0.00%,577 KB,577 KB
GCF_010667985.1,C:99.5%[S:99.3%,438,437,1,0,2,440,45,45,5225316,0.00%,456 KB,456 KB
GCF_010667995.1,C:99.5%[S:99.3%,438,437,1,0,2,440,18,18,4718053,0.00%,576 KB,576 KB
GCF_011800405.1,C:99.5%[S:99.3%,438,437,1,0,2,440,36,39,4873035,0.01%,420 KB,420 KB
GCF_011800475.1,C:99.5%[S:99.3%,438,437,1,0,2,440,46,49,4873346,0.01%,380 KB,380 KB
GCF_011800485.1,C:99.5%[S:99.3%,438,437,1,0,2,440,65,66,4884693,0.00%,390 KB,318 KB
GCF_011800685.1,C:99.5%[S:99.3%,438,437,1,0,2,440,48,50,4708129,0.00%,387 KB,387 KB
GCF_012241415.1,C:99.6%[S:99.1%,438,436,2,0,2,440,46,46,4995756,0.00%,330 KB,330 KB
GCF_013201565.1,C:99.5%[S:99.3%,438,437,1,0,2,440,52,52,4795525,0.00%,147 KB,147 KB
GCF_013403235.1,C:97.0%[S:96.8%,427,426,1,0,13,440,26,26,4724025,0.00%,283 KB,283 KB
GCF_014138175.1,C:99.5%[S:99.3%,438,437,1,0,2,440,11,14,4737169,0.01%,620 KB,620 KB
GCF_014138195.1,C:99.5%[S:99.3%,438,437,1,0,2,440,12,15,4739000,0.01%,620 KB,620 KB
GCF_014138205.1,C:99.5%[S:99.3%,438,437,1,0,2,440,28,33,5011629,0.01%,572 KB,441 KB
GCF_014138245.1,C:99.5%[S:99.3%,438,437,1,0,2,440,27,29,5009492,0.00%,572 KB,458 KB
GCF_014156615.1,C:99.6%[S:99.1%,438,436,2,0,2,440,37,60,4883800,0.03%,473 KB,284 KB
GCF_014353705.1,C:99.5%[S:99.3%,438,437,1,0,2,440,105,105,5096473,0.00%,294 KB,294 KB
GCF_014353745.1,C:99.5%[S:99.3%,438,437,1,0,2,440,117,117,4970244,0.00%,226 KB,226 KB
GCF_014353755.1,C:99.5%[S:99.3%,438,437,1,0,2,440,129,129,5102516,0.00%,362 KB,362 KB
GCF_014353795.1,C:99.5%[S:99.3%,438,437,1,0,2,440,116,116,4965341,0.00%,572 KB,572 KB
GCF_014353815.1,C:99.5%[S:99.3%,438,437,1,0,2,440,112,112,5062259,0.00%,318 KB,318 KB
GCF_014353835.1,C:99.7%[S:99.5%,439,438,1,0,1,440,112,112,4697657,0.00%,248 KB,248 KB
GCF_014353845.1,C:99.5%[S:99.3%,438,437,1,1,1,440,96,96,4803804,0.00%,337 KB,337 KB
GCF_014353865.1,C:99.5%[S:99.3%,438,437,1,1,1,440,162,162,4786783,0.00%,257 KB,257 KB
GCF_014353895.1,C:99.5%[S:99.3%,438,437,1,0,2,440,124,124,4997394,0.00%,167 KB,167 KB
GCF_014353935.1,C:99.7%[S:99.5%,439,438,1,0,1,440,235,235,4708922,0.00%,265 KB,265 KB
GCF_014353945.1,C:99.5%[S:99.3%,438,437,1,0,2,440,100,100,5110724,0.00%,266 KB,266 KB
GCF_014353955.1,C:99.5%[S:99.3%,438,437,1,0,2,440,89,89,4801475,0.00%,264 KB,264 KB
GCF_014353995.1,C:99.7%[S:99.5%,439,438,1,0,1,440,108,108,4796980,0.00%,246 KB,246 KB
GCF_014354005.1,C:99.7%[S:99.5%,439,438,1,0,1,440,121,121,4691032,0.00%,416 KB,416 KB
GCF_014354035.1,C:99.5%[S:99.3%,438,437,1,0,2,440,200,200,5090347,0.00%,263 KB,263 KB
GCF_014354045.1,C:99.5%[S:99.3%,438,437,1,0,2,440,120,120,4991709,0.00%,264 KB,264 KB
GCF_014354055.1,C:99.5%[S:99.3%,438,437,1,0,2,440,130,130,5151849,0.00%,252 KB,252 KB
GCF_014354065.1,C:99.5%[S:99.3%,438,437,1,0,2,440,133,133,4852497,0.00%,179 KB,179 KB
GCF_014354135.1,C:99.5%[S:99.3%,438,437,1,0,2,440,117,117,5079038,0.00%,310 KB,310 KB
GCF_014354145.1,C:99.5%[S:99.3%,438,437,1,0,2,440,134,134,4850057,0.00%,293 KB,293 KB
GCF_014354155.1,C:99.5%[S:99.3%,438,437,1,0,2,440,76,76,4792898,0.00%,839 KB,839 KB
GCF_014354165.1,C:99.5%[S:99.3%,438,437,1,0,2,440,138,138,4970051,0.00%,620 KB,620 KB
GCF_014354235.1,C:99.5%[S:99.3%,438,437,1,0,2,440,96,96,4829682,0.00%,235 KB,235 KB
GCF_014838815.1,C:99.5%[S:99.3%,438,437,1,0,2,440,50,50,5117730,0.00%,562 KB,562 KB
GCF_014838905.1,C:99.6%[S:99.1%,438,436,2,0,2,440,71,71,4905192,0.00%,185 KB,185 KB
GCF_014838975.1,C:99.5%[S:99.3%,438,437,1,0,2,440,54,54,5239108,0.00%,471 KB,471 KB
GCF_014839015.1,C:99.6%[S:99.1%,438,436,2,0,2,440,51,51,4928760,0.00%,253 KB,253 KB
GCF_014839085.2,C:99.6%[S:99.1%,438,436,2,0,2,440,4,4,5044125,0.00%,,
GCF_014839115.1,C:99.5%[S:99.3%,438,437,1,0,2,440,36,36,4797171,0.00%,454 KB,454 KB
GCF_014839125.1,C:99.5%[S:99.3%,438,437,1,0,2,440,32,32,4755237,0.00%,555 KB,555 KB
GCF_014839175.1,C:99.5%[S:99.3%,438,437,1,0,2,440,90,90,5124033,0.00%,378 KB,378 KB
GCF_014839205.2,C:99.6%[S:99.1%,438,436,2,0,2,440,5,5,5029763,0.00%,,
GCF_014839265.1,C:99.5%[S:99.3%,438,437,1,0,2,440,84,84,5123550,0.00%,206 KB,206 KB
GCF_014839315.1,C:99.6%[S:99.1%,438,436,2,0,2,440,60,60,4984051,0.00%,297 KB,297 KB
GCF_014839325.1,C:99.5%[S:99.3%,438,437,1,0,2,440,138,138,5248093,0.00%,264 KB,264 KB
GCF_014839425.1,C:99.5%[S:99.3%,438,437,1,0,2,440,30,30,4780294,0.00%,623 KB,623 KB
GCF_014839525.2,C:99.6%[S:99.1%,438,436,2,0,2,440,4,4,5130088,0.00%,,
GCF_014839545.1,C:99.5%[S:99.3%,438,437,1,0,2,440,34,34,4776328,0.00%,565 KB,565 KB
GCF_014841465.2,C:99.5%[S:99.3%,438,437,1,0,2,440,7,7,5464831,0.00%,,
GCF_014842695.2,C:99.5%[S:99.3%,438,437,1,0,2,440,5,5,4885829,0.00%,,
GCF_015025115.1,C:98.0%[S:97.5%,431,429,2,6,3,440,339,339,4671676,0.00%,26 KB,26 KB
GCF_015711555.1,C:99.4%[S:98.9%,437,435,2,1,2,440,21,23,4505360,0.01%,323 KB,323 KB
GCF_016925765.1,C:87.0%[S:86.8%,383,382,1,42,15,440,6,6,5095225,0.00%,,
GCF_017315165.1,C:99.4%[S:98.9%,437,435,2,2,1,440,1390,1392,5035017,0.00%,179 KB,179 KB
GCF_017348995.1,C:99.7%[S:99.5%,439,438,1,0,1,440,56,57,4931425,0.00%,285 KB,285 KB
GCF_017474165.1,C:99.6%[S:99.1%,438,436,2,0,2,440,5,5,5077082,0.00%,,
GCF_019048385.1,C:99.5%[S:99.3%,438,437,1,0,2,440,3,3,4692018,0.00%,,
GCF_019880205.1,C:99.5%[S:99.1%,438,436,2,0,2,440,9,9,4750202,0.00%,,
GCF_019969965.1,C:99.5%[S:99.3%,438,437,1,0,2,440,52,52,4852826,0.00%,579 KB,579 KB
GCF_019969975.1,C:99.5%[S:99.3%,438,437,1,0,2,440,39,39,4786831,0.00%,551 KB,551 KB
GCF_020783495.1,C:99.5%[S:99.3%,438,437,1,0,2,440,3,3,4827526,0.00%,,
GCF_021559955.1,C:99.6%[S:99.1%,438,436,2,0,2,440,4,4,5061267,0.00%,,
GCF_021609925.1,C:99.5%[S:99.3%,438,437,1,0,2,440,5,5,5029167,0.01%,,
GCF_022585235.1,C:99.6%[S:99.1%,438,436,2,0,2,440,49,54,5001150,0.01%,341 KB,255 KB
GCF_022966105.1,C:99.5%[S:97.5%,438,429,9,0,2,440,3,3,4861200,0.00%,,
GCF_023508185.1,C:99.5%[S:98.6%,438,434,4,0,2,440,329,339,4966867,0.02%,554 KB,249 KB
GCF_023614195.1,C:99.5%[S:99.3%,438,437,1,0,2,440,16,16,4719627,0.00%,587 KB,587 KB
GCF_023676805.1,C:99.5%[S:99.3%,438,437,1,0,2,440,3,498,4785020,8638%,,39 KB
GCF_024520845.1,C:99.5%[S:99.3%,438,437,1,0,2,440,146,157,4991653,0.02%,324 KB,203 KB
GCF_024520875.1,C:99.5%[S:99.3%,438,437,1,0,2,440,70,81,4883045,0.02%,278 KB,183 KB
GCF_024520895.1,C:99.5%[S:99.3%,438,437,1,0,2,440,76,89,4803225,0.03%,348 KB,238 KB
GCF_024799805.1,C:99.5%[S:99.3%,438,437,1,0,2,440,4,4,4820607,0.00%,,
GCF_025642855.1,C:99.5%[S:99.3%,438,437,1,0,2,440,31,31,4804109,0.00%,389 KB,389 KB
GCF_025642955.1,C:99.7%[S:99.5%,439,438,1,0,1,440,46,46,4955229,0.00%,360 KB,360 KB
GCF_025910055.1,C:99.5%[S:99.3%,438,437,1,0,2,440,39,39,4937563,0.00%,462 KB,462 KB
GCF_025910075.1,C:99.5%[S:99.3%,438,437,1,0,2,440,44,44,4798799,0.00%,403 KB,403 KB
GCF_026241965.1,C:99.7%[S:99.5%,439,438,1,0,1,440,28,28,4974910,0.00%,451 KB,451 KB
GCF_026625085.1,C:99.5%[S:99.3%,438,437,1,0,2,440,3,3,4781164,0.00%,,
GCF_029016125.1,C:99.5%[S:99.3%,438,437,1,0,2,440,4,4,5048993,0.00%,,
GCF_029623495.1,C:99.5%[S:99.3%,438,437,1,0,2,440,82,82,5215402,0.00%,281 KB,281 KB
GCF_029838845.1,C:99.6%[S:99.1%,438,436,2,0,2,440,23,23,4816530,0.00%,358 KB,358 KB
GCF_030177195.1,C:99.5%[S:99.3%,438,437,1,0,2,440,13,13,4977153,0.00%,,
GCF_030433795.1,C:99.5%[S:99.3%,438,437,1,0,2,440,56,56,4729284,0.00%,217 KB,217 KB
GCF_030710645.1,C:99.5%[S:99.3%,438,437,1,0,2,440,6,6,4927193,0.00%,,
GCF_030812275.1,C:99.5%[S:99.3%,438,437,1,0,2,440,21,21,4689879,0.00%,470 KB,470 KB
GCF_030814785.1,C:99.5%[S:99.3%,438,437,1,0,2,440,5,5,5168479,0.00%,,
GCF_030815435.1,C:99.5%[S:99.3%,438,437,1,0,2,440,21,21,4784958,0.00%,455 KB,455 KB
GCF_030815835.1,C:97.2%[S:97.0%,428,427,1,7,5,440,4,4,4918162,0.00%,,
GCF_031887785.1,C:99.6%[S:99.1%,438,436,2,0,2,440,5,5,5095245,0.00%,,
GCF_031888365.1,C:99.6%[S:99.1%,438,436,2,0,2,440,4,4,5157404,0.00%,,
GCF_031889005.1,C:99.5%[S:99.3%,438,437,1,0,2,440,5,5,5046058,0.00%,,
GCF_031889605.1,C:99.5%[S:99.3%,438,437,1,0,2,440,4,4,4889272,0.00%,,
GCF_031889865.1,C:99.5%[S:99.3%,438,437,1,0,2,440,7,7,5168010,0.00%,,
GCF_031890185.1,C:99.6%[S:99.1%,438,436,2,0,2,440,5,5,5118957,0.00%,,
GCF_031890205.1,C:99.5%[S:99.3%,438,437,1,0,2,440,4,4,4876921,0.00%,,
GCF_031890505.1,C:99.6%[S:99.1%,438,436,2,0,2,440,4,4,4967622,0.00%,,
GCF_031890525.1,C:99.6%[S:99.1%,438,436,2,0,2,440,4,4,4967919,0.00%,,
GCF_031891025.1,C:99.6%[S:99.1%,438,436,2,0,2,440,6,6,5136510,0.00%,,
GCF_032200625.1,C:99.5%[S:99.3%,438,437,1,0,2,440,3,3,4870469,0.00%,,
GCF_034044845.1,C:99.5%[S:99.3%,438,437,1,0,2,440,26,28,4766298,0.00%,304 KB,304 KB
GCF_034044915.1,C:99.5%[S:99.3%,438,437,1,0,2,440,30,33,4810088,0.00%,579 KB,357 KB
GCF_034044955.1,C:99.5%[S:99.3%,438,437,1,0,2,440,25,26,4725785,0.00%,582 KB,473 KB
GCF_034808485.1,C:99.5%[S:99.3%,438,437,1,0,2,440,87,87,4749313,0.00%,260 KB,260 KB
GCF_034808565.1,C:99.5%[S:99.3%,438,437,1,0,2,440,68,68,4744390,0.00%,213 KB,213 KB
GCF_034808825.1,C:99.5%[S:99.3%,438,437,1,0,2,440,83,83,4932246,0.00%,156 KB,156 KB
GCF_034808865.1,C:99.5%[S:99.3%,438,437,1,0,2,440,144,144,4958244,0.00%,351 KB,351 KB
GCF_035582725.1,C:99.5%[S:99.3%,438,437,1,0,2,440,5,5,5021308,0.00%,,
GCF_036549535.1,C:99.5%[S:99.3%,438,437,1,0,2,440,3,3,4768143,0.00%,,
GCF_036961635.1,C:99.5%[S:99.3%,438,437,1,0,2,440,41,41,4761221,0.00%,433 KB,433 KB
GCF_037151835.1,C:99.5%[S:99.3%,438,437,1,0,2,440,56,56,4937041,0.00%,539 KB,539 KB
GCF_037151955.1,C:99.5%[S:99.3%,438,437,1,0,2,440,57,57,5068934,0.00%,348 KB,348 KB
GCF_037152265.1,C:99.6%[S:99.1%,438,436,2,0,2,440,62,62,4824484,0.00%,432 KB,432 KB
GCF_037152335.1,C:99.3%[S:99.1%,437,436,1,1,2,440,52,52,4884712,0.00%,649 KB,649 KB
GCF_037152495.1,C:99.5%[S:99.3%,438,437,1,0,2,440,54,54,4862563,0.00%,424 KB,424 KB
GCF_037727885.1,C:99.5%[S:99.3%,438,437,1,0,2,440,17,17,4794802,0.00%,601 KB,601 KB
GCF_038116615.1,C:99.5%[S:99.3%,438,437,1,0,2,440,43,43,4817156,0.00%,571 KB,571 KB
GCF_038657925.1,C:99.5%[S:99.3%,438,437,1,0,2,440,3,3,4922873,0.00%,,
GCF_039671245.1,C:99.5%[S:99.3%,438,437,1,0,2,440,29,48,4897527,0.04%,,452 KB
GCF_039671255.1,C:99.5%[S:99.3%,438,437,1,0,2,440,28,44,5204090,0.03%,,324 KB
GCF_039671265.1,C:99.5%[S:99.3%,438,437,1,0,2,440,21,41,5201761,0.04%,,353 KB
GCF_039671275.1,C:99.5%[S:99.3%,438,437,1,0,2,440,23,39,5085198,0.03%,,460 KB
GCF_039671325.1,C:99.5%[S:99.3%,438,437,1,0,2,440,13,27,5117288,0.03%,,525 KB
GCF_039671345.1,C:99.5%[S:99.3%,438,437,1,0,2,440,15,29,4871596,0.03%,,456 KB
GCF_039671355.1,C:99.5%[S:99.3%,438,437,1,0,2,440,24,43,4972705,0.04%,,453 KB
GCF_039671365.1,C:99.5%[S:99.3%,438,437,1,0,2,440,24,39,5200073,0.03%,,460 KB
GCF_039671375.1,C:99.5%[S:99.3%,438,437,1,0,2,440,29,48,5121331,0.04%,,324 KB
GCF_039671395.1,C:99.5%[S:99.3%,438,437,1,0,2,440,11,31,5116385,0.04%,,283 KB
GCF_039671445.1,C:99.5%[S:99.3%,438,437,1,0,2,440,13,31,4911444,0.04%,,434 KB
GCF_039671455.1,C:99.5%[S:99.3%,438,437,1,0,2,440,9,23,4937985,0.03%,,460 KB
GCF_039671475.1,C:99.5%[S:99.3%,438,437,1,0,2,440,35,55,5342770,0.04%,,494 KB
GCF_039671505.1,C:99.5%[S:99.3%,438,437,1,0,2,440,15,28,4913204,0.03%,,456 KB
GCF_039671515.1,C:99.5%[S:99.3%,438,437,1,0,2,440,14,30,4913457,0.03%,,456 KB
GCF_039671545.1,C:99.5%[S:99.3%,438,437,1,0,2,440,18,31,4922767,0.03%,,456 KB
GCF_039671555.1,C:99.5%[S:99.3%,438,437,1,0,2,440,16,30,4913453,0.03%,,456 KB
GCF_039671575.1,C:99.5%[S:99.3%,438,437,1,0,2,440,11,24,4738237,0.03%,,522 KB
GCF_039671605.1,C:99.5%[S:99.3%,438,437,1,0,2,440,14,31,4913486,0.04%,,447 KB
GCF_039671625.1,C:99.5%[S:99.3%,438,437,1,0,2,440,16,34,5076611,0.04%,,395 KB
GCF_039671635.1,C:99.5%[S:99.3%,438,437,1,0,2,440,12,28,4986280,0.03%,,459 KB
GCF_039671645.1,C:99.5%[S:99.3%,438,437,1,0,2,440,13,28,4910947,0.03%,,529 KB
GCF_039671655.1,C:99.5%[S:99.3%,438,437,1,0,2,440,40,62,5310801,0.04%,,317 KB
GCF_039671705.1,C:99.5%[S:99.3%,438,437,1,0,2,440,12,26,5029421,0.03%,,525 KB
GCF_039671725.1,C:99.5%[S:99.3%,438,437,1,0,2,440,42,56,5041576,0.03%,,469 KB
GCF_039671745.1,C:99.5%[S:99.3%,438,437,1,0,2,440,14,30,5090935,0.03%,,473 KB
GCF_039671755.1,C:99.5%[S:99.3%,438,437,1,0,2,440,16,36,5048676,0.04%,,484 KB
GCF_039671785.1,C:99.5%[S:99.3%,438,437,1,0,2,440,27,48,4895426,0.04%,,537 KB
GCF_039671805.1,C:99.5%[S:99.3%,438,437,1,0,2,440,8,19,4738359,0.02%,,522 KB
GCF_039671815.1,C:99.5%[S:99.3%,438,437,1,0,2,440,9,20,4738324,0.02%,,522 KB
GCF_039671825.1,C:99.5%[S:99.3%,438,437,1,0,2,440,18,38,4989744,0.04%,,458 KB
GCF_039671855.1,C:99.5%[S:99.3%,438,437,1,0,2,440,17,34,4923277,0.04%,,456 KB
GCF_039671885.1,C:99.5%[S:99.3%,438,437,1,0,2,440,21,35,4923640,0.03%,,456 KB
GCF_039671905.1,C:99.5%[S:99.3%,438,437,1,0,2,440,22,43,4852240,0.04%,,545 KB
GCF_039671925.1,C:99.5%[S:99.3%,438,437,1,0,2,440,17,34,4960804,0.03%,,498 KB
GCF_039671945.1,C:99.5%[S:99.3%,438,437,1,0,2,440,55,72,5147932,0.03%,,468 KB
GCF_039671955.1,C:99.5%[S:99.3%,438,437,1,0,2,440,24,49,4870609,0.05%,,554 KB
GCF_039671975.1,C:99.5%[S:99.3%,438,437,1,0,2,440,15,31,4906478,0.03%,,385 KB
GCF_039671985.1,C:99.5%[S:99.3%,438,437,1,0,2,440,21,41,5044342,0.04%,,338 KB
GCF_039672015.1,C:99.5%[S:99.3%,438,437,1,0,2,440,7,25,4916450,0.04%,,440 KB
GCF_039672045.1,C:99.5%[S:99.3%,438,437,1,0,2,440,11,30,4952948,0.04%,,456 KB
GCF_039672065.1,C:99.5%[S:99.3%,438,437,1,0,2,440,9,21,4737925,0.03%,,450 KB
GCF_039672075.1,C:99.5%[S:99.3%,438,437,1,0,2,440,9,22,4738578,0.03%,,522 KB
GCF_039672095.1,C:99.5%[S:99.3%,438,437,1,0,2,440,9,24,4837860,0.03%,,539 KB
GCF_039672115.1,C:99.5%[S:99.3%,438,437,1,0,2,440,22,38,5023239,0.03%,,537 KB
GCF_039672125.1,C:99.5%[S:99.3%,438,437,1,0,2,440,14,26,4924754,0.02%,,596 KB
GCF_039672165.1,C:99.5%[S:99.3%,438,437,1,0,2,440,13,34,4831859,0.04%,,430 KB
GCF_039672185.1,C:99.5%[S:99.3%,438,437,1,0,2,440,12,30,4798939,0.04%,,444 KB
GCF_039672195.1,C:99.5%[S:99.3%,438,437,1,0,2,440,26,47,5008547,0.04%,,411 KB
GCF_039672205.1,C:99.5%[S:99.3%,438,437,1,0,2,440,12,25,4703659,0.03%,,538 KB
GCF_039672235.1,C:99.5%[S:99.3%,438,437,1,0,2,440,14,30,4930314,0.03%,,460 KB
GCF_039672265.1,C:99.5%[S:99.3%,438,437,1,0,2,440,10,27,4820308,0.04%,,360 KB
GCF_039672275.1,C:99.5%[S:99.3%,438,437,1,0,2,440,12,27,4775429,0.03%,,454 KB
GCF_039672285.1,C:99.5%[S:99.3%,438,437,1,0,2,440,11,28,4777071,0.04%,,456 KB
GCF_039672295.1,C:99.5%[S:99.3%,438,437,1,0,2,440,11,26,4775104,0.03%,,454 KB
GCF_039672335.1,C:99.5%[S:99.3%,438,437,1,0,2,440,23,48,5056797,0.05%,,255 KB
GCF_039672365.1,C:99.5%[S:99.3%,438,437,1,0,2,440,13,29,5015122,0.03%,,542 KB
GCF_039672395.1,C:99.5%[S:99.3%,438,437,1,0,2,440,20,38,5082569,0.04%,,437 KB
GCF_039672415.1,C:99.5%[S:99.3%,438,437,1,0,2,440,11,25,4971316,0.03%,,537 KB
GCF_039672445.1,C:99.5%[S:99.3%,438,437,1,0,2,440,14,33,4777072,0.04%,,427 KB
GCF_039672455.1,C:99.5%[S:99.3%,438,437,1,0,2,440,17,33,4858627,0.03%,,447 KB
GCF_039672495.1,C:99.5%[S:99.3%,438,437,1,0,2,440,17,37,4989609,0.04%,,463 KB
GCF_039672505.1,C:99.3%[S:99.1%,437,436,1,1,2,440,129,194,5749937,0.11%,,111 KB
GCF_039672515.1,C:99.5%[S:99.3%,438,437,1,0,2,440,12,26,4938503,0.03%,,460 KB
GCF_039672605.1,C:99.5%[S:99.3%,438,437,1,0,2,440,11,30,4986545,0.04%,,459 KB
GCF_039672625.1,C:99.5%[S:99.3%,438,437,1,0,2,440,11,31,4831733,0.04%,,430 KB
GCF_039672705.1,C:99.5%[S:99.3%,438,437,1,0,2,440,12,30,4832409,0.04%,,462 KB
GCF_039672725.1,C:99.5%[S:99.3%,438,437,1,0,2,440,16,33,4833056,0.04%,,462 KB
GCF_039672735.1,C:99.5%[S:99.3%,438,437,1,0,2,440,36,55,4899748,0.04%,,452 KB
GCF_039672755.1,C:99.5%[S:99.3%,438,437,1,0,2,440,16,33,4961037,0.03%,,498 KB
GCF_039672795.1,C:99.5%[S:99.3%,438,437,1,0,2,440,10,27,4952380,0.03%,,456 KB
GCF_039675365.1,C:99.5%[S:99.3%,438,437,1,0,2,440,22,39,5084712,0.03%,,460 KB
GCF_039675385.1,C:99.5%[S:99.3%,438,437,1,0,2,440,11,21,4738339,0.02%,,522 KB
GCF_039675405.1,C:99.5%[S:99.3%,438,437,1,0,2,440,13,29,4656737,0.03%,,462 KB
GCF_039675425.1,C:99.5%[S:99.3%,438,437,1,0,2,440,10,28,4838884,0.04%,,425 KB
GCF_039675485.1,C:99.5%[S:99.3%,438,437,1,0,2,440,20,37,5023056,0.03%,,537 KB
GCF_039675505.1,C:99.5%[S:99.3%,438,437,1,0,2,440,12,31,4763024,0.04%,,561 KB
GCF_039675745.1,C:99.5%[S:99.3%,438,437,1,0,2,440,12,35,4832757,0.05%,,455 KB
GCF_039675765.1,C:99.5%[S:99.3%,438,437,1,0,2,440,15,26,4924850,0.02%,,596 KB
GCF_039675785.1,C:99.5%[S:99.3%,438,437,1,0,2,440,16,40,4846176,0.05%,,266 KB
GCF_039675805.1,C:99.5%[S:99.3%,438,437,1,0,2,440,18,32,5022637,0.03%,,537 KB
GCF_039675815.1,C:99.5%[S:99.3%,438,437,1,0,2,440,9,26,4834160,0.04%,,477 KB
GCF_040547385.1,C:99.5%[S:99.3%,438,437,1,0,2,440,20,20,5138037,0.00%,513 KB,513 KB
GCF_040547405.1,C:99.5%[S:99.3%,438,437,1,0,2,440,23,23,5137822,0.00%,434 KB,434 KB
GCF_040676145.1,C:99.7%[S:99.5%,439,438,1,0,1,440,29,31,4677723,0.00%,585 KB,585 KB
GCF_040676315.1,C:99.5%[S:99.3%,438,437,1,0,2,440,28,30,4677347,0.00%,586 KB,586 KB
GCF_900182855.1,C:99.5%[S:99.3%,438,437,1,0,2,440,4,4,4755241,0.00%,,
GCF_900185875.1,C:99.5%[S:99.3%,438,437,1,0,2,440,33,33,4659376,0.00%,462 KB,462 KB
GCF_900454395.1,C:99.4%[S:98.9%,437,435,2,1,2,440,6,6,4756194,0.00%,,
GCF_900454505.1,C:99.6%[S:99.1%,438,436,2,0,2,440,4,4,4655521,0.00%,,
GCF_902706165.1,C:99.5%[S:99.3%,438,437,1,0,2,440,80,80,4729376,0.00%,531 KB,531 KB
GCF_905332865.1,C:99.6%[S:99.1%,438,436,2,0,2,440,128,128,4829129,0.00%,394 KB,394 KB
GCF_943184895.1,C:99.5%[S:99.3%,438,437,1,0,2,440,5,5,5396424,0.00%,,
ISP113A35BSH120,C:99.5%[S:99.3%,438,437,1,0,2,440,73,73,4891198,0.00%,327 KB,327 KB
ISP136B15SPT20Q20,C:99.5%[S:99.3%,438,437,1,0,2,440,53,53,5035051,0.00%,573 KB,573 KB
ISP142B21SPM20Q20b,C:99.5%[S:99.3%,438,437,1,0,2,440,53,53,5034509,0.00%,518 KB,518 KB
ISP143B22SPM20Q20,C:99.5%[S:99.3%,438,437,1,0,2,440,70,70,4888986,0.00%,365 KB,365 KB
ISP18721,C:99.5%[S:99.3%,438,437,1,0,2,440,75,75,4890030,0.00%,327 KB,327 KB
ISP19321,C:99.5%[S:99.3%,438,437,1,0,2,440,79,79,4890396,0.00%,327 KB,327 KB
ISP19421,C:99.5%[S:99.3%,438,437,1,0,2,440,70,70,4891013,0.00%,327 KB,327 KB
ISP19621,C:99.5%[S:99.3%,438,437,1,0,2,440,83,83,4886183,0.00%,268 KB,268 KB
ISP19721,C:99.5%[S:99.3%,438,437,1,0,2,440,71,71,4889623,0.00%,365 KB,365 KB
ISP20021,C:99.5%[S:99.3%,438,437,1,0,2,440,70,70,4889700,0.00%,358 KB,358 KB
ISP20422,C:99.5%[S:99.3%,438,437,1,0,2,440,73,73,4889027,0.00%,275 KB,275 KB
ISP205TRI712122,C:99.5%[S:99.3%,438,437,1,0,2,440,94,94,4881466,0.00%,277 KB,277 KB
ISP206AE49822,C:99.5%[S:99.3%,438,437,1,0,2,440,67,67,4804132,0.00%,334 KB,334 KB
ISP207KrafftsSiegerlnder22,C:99.5%[S:99.3%,438,437,1,0,2,440,84,84,4802703,0.00%,194 KB,194 KB
ISP208StrubesDickkopf22,C:99.5%[S:99.3%,438,437,1,0,2,440,76,76,4803939,0.00%,268 KB,268 KB
ISP211TRI199822,C:99.5%[S:99.3%,438,437,1,0,2,440,81,81,4881199,0.00%,194 KB,194 KB
ISP212TRI626322bis,C:99.5%[S:99.3%,438,437,1,0,2,440,72,72,4886875,0.00%,381 KB,381 KB
ISP212TRI626322,C:99.5%[S:99.3%,438,437,1,0,2,440,66,66,4888226,0.00%,495 KB,495 KB
ISP213TRI44822,C:99.5%[S:99.3%,438,437,1,0,2,440,83,83,4886039,0.00%,357 KB,357 KB
ISP215TRI44522,C:99.5%[S:99.3%,438,437,1,0,2,440,80,80,4886980,0.00%,357 KB,357 KB
ISP216TRI410122,C:99.5%[S:99.3%,438,437,1,0,2,440,63,63,4803831,0.00%,324 KB,324 KB
ISP21EFSP3TBR18,C:99.8%[S:99.5%,439,438,1,0,1,440,61,61,4787810,0.00%,478 KB,478 KB
ISP239TRI602222,C:99.5%[S:99.3%,438,437,1,0,2,440,86,86,4884794,0.00%,327 KB,327 KB
ISP240TRI416822,C:99.5%[S:99.3%,438,437,1,0,2,440,68,68,4888189,0.00%,574 KB,574 KB
ISP242TRI586022,C:99.5%[S:99.3%,438,437,1,0,2,440,80,80,4886234,0.00%,505 KB,505 KB
ISP245AE20522,C:99.5%[S:99.3%,438,437,1,0,2,440,70,70,4806329,0.00%,273 KB,273 KB
ISP246TRI430622,C:99.5%[S:99.3%,438,437,1,0,2,440,96,96,5074332,0.00%,203 KB,203 KB
ISP248TRI821222,C:99.5%[S:99.3%,438,437,1,0,2,440,88,88,4802214,0.00%,243 KB,243 KB
ISP250TRI436722,C:99.5%[S:99.3%,438,437,1,0,2,440,74,74,4805001,0.00%,574 KB,574 KB
ISP252TRI416822,C:99.5%[S:99.3%,438,437,1,0,2,440,128,128,4868506,0.00%,221 KB,221 KB
ISP254TRI602222,C:99.5%[S:99.3%,438,437,1,0,2,440,69,69,4883381,0.00%,448 KB,448 KB
ISP255TRI430622,C:99.5%[S:99.3%,438,437,1,0,2,440,75,75,4887120,0.00%,282 KB,282 KB
ISP256AE20522,C:99.5%[S:99.3%,438,437,1,0,2,440,88,88,4878540,0.00%,220 KB,220 KB
ISP258TRI821222bis,C:99.5%[S:99.3%,438,437,1,0,2,440,57,57,5025662,0.00%,443 KB,443 KB
ISP262TRI602222,C:99.5%[S:99.3%,438,437,1,0,2,440,73,73,4804626,0.00%,574 KB,574 KB
ISP263TRI195422,C:99.5%[S:99.3%,438,437,1,0,2,440,75,75,4800178,0.00%,268 KB,268 KB
ISP264TRI195422,C:99.5%[S:99.3%,438,437,1,0,2,440,67,67,4888952,0.00%,574 KB,574 KB
ISP266TRI602222,C:99.5%[S:99.3%,438,437,1,0,2,440,109,109,4878309,0.00%,265 KB,265 KB
ISP267TRI430622,C:99.5%[S:99.3%,438,437,1,0,2,440,77,77,4803207,0.00%,198 KB,198 KB
ISP290TRI602222,C:99.5%[S:99.3%,438,437,1,0,2,440,56,56,4895266,0.00%,327 KB,327 KB
ISP307TRI602222,C:99.5%[S:99.3%,438,437,1,0,2,440,58,58,4917531,0.00%,251 KB,251 KB
ISP79c21ISP79A01DraMat2020,C:99.1%[S:98.6%,436,434,2,1,3,440,50,50,4964127,0.00%,689 KB,689 KB
ISP88A10SE162020,C:99.8%[S:99.3%,439,437,2,0,1,440,51,51,4984852,0.00%,553 KB,553 KB
ISP95A17DRA20,C:99.5%[S:99.3%,438,437,1,0,2,440,76,76,4887275,0.00%,333 KB,333 KB
merged_143,C:99.5%[S:99.3%,438,437,1,0,2,440,69,69,4888727,0.00%,365 KB,365 KB
merged_212_C,C:99.5%[S:99.3%,438,437,1,0,2,440,63,63,4889690,0.00%,574 KB,574 KB
merged_212,C:99.5%[S:99.3%,438,437,1,0,2,440,78,78,4887578,0.00%,297 KB,297 KB
merged_95,C:99.5%[S:99.3%,438,437,1,0,2,440,70,70,4887964,0.00%,365 KB,365 KB
MRG05AA1TBR118,C:99.5%[S:99.3%,438,437,1,0,2,440,36,36,4800042,0.00%,450 KB,450 KB
MRG08A2TBR218,C:99.5%[S:99.1%,438,436,2,0,2,440,45,45,4878205,0.00%,599 KB,599 KB
RunII_barcode01,C:80.5%[S:80.2%,354,353,1,60,26,440,6,6,4938776,0.00%,,
RunII_barcode02,C:80.2%[S:79.8%,353,351,2,57,30,440,7,7,5224682,0.00%,,
RunII_barcode03,C:83.9%[S:83.9%,369,369,0,44,27,440,3,3,4791282,0.00%,,
RunII_barcode04,C:84.1%[S:84.1%,370,370,0,48,22,440,5,5,4957395,0.00%,,
RunII_barcode05,C:76.1%[S:75.9%,335,334,1,75,30,440,3,3,4514138,0.00%,,
RunII_barcode06,C:56.4%[S:56.1%,248,247,1,128,64,440,4,4,4949256,0.00%,,
RunII_barcode07,C:65.2%[S:65.0%,287,286,1,92,61,440,6,6,4750629,0.00%,,
RunII_barcode08,C:85.5%[S:85.2%,376,375,1,46,18,440,4,4,4855069,0.00%,,
RunII_barcode09,C:80.5%[S:80.2%,354,353,1,59,27,440,5,5,4859724,0.00%,,
RunII_barcode10,C:70.9%[S:70.9%,312,312,0,88,40,440,4,4,4947291,0.00%,,
RunII_barcode11,C:82.3%[S:82.3%,362,362,0,56,22,440,4,4,4851038,0.00%,,
RunII_barcode13,C:83.2%[S:83.0%,366,365,1,55,19,440,3,3,4791757,0.00%,,
RunII_barcode14,C:83.6%[S:82.7%,368,364,4,52,20,440,4,4,4867602,0.00%,,
RunII_barcode15,C:60.7%[S:60.5%,267,266,1,120,53,440,4,4,4949974,0.00%,,
RunII_barcode16,C:55.0%[S:54.8%,242,241,1,141,57,440,4,4,4949506,0.00%,,
RunII_barcode17,C:78.6%[S:78.6%,346,346,0,71,23,440,4,4,4922443,0.00%,,
RunII_barcode18,C:61.1%[S:61.1%,269,269,0,123,48,440,4,4,4950273,0.00%,,
RunII_barcode19,C:81.8%[S:81.6%,360,359,1,55,25,440,5,5,4865037,0.00%,,
RunII_barcode20,C:85.7%[S:85.5%,377,376,1,45,18,440,4,4,4955331,0.00%,,
RunII_barcode21,C:50.7%[S:50.7%,223,223,0,116,101,440,10,10,4555057,0.00%,,
RunII_barcode22,C:81.6%[S:81.4%,359,358,1,61,20,440,4,4,4954787,0.00%,,
RunII_barcode24,C:81.1%[S:80.9%,357,356,1,56,27,440,5,5,4941355,0.00%,,
RunIII_barcode01,C:99.5%[S:99.3%,438,437,1,0,2,440,3,3,4927599,0.00%,,
RunIII_barcode02,C:99.5%[S:99.3%,438,437,1,0,2,440,4,4,4919678,0.00%,,
RunIII_barcode03,C:99.5%[S:99.3%,438,437,1,0,2,440,7,7,4963457,0.00%,,
RunIII_barcode04,C:99.5%[S:99.3%,438,437,1,0,2,440,4,4,4932272,0.00%,,
RunIII_barcode05,C:99.5%[S:99.3%,438,437,1,0,2,440,3,3,4796325,0.00%,,
RunIII_barcode06,C:99.5%[S:99.3%,438,437,1,0,2,440,4,4,4928292,0.00%,,
RunIII_barcode07,C:98.9%[S:98.6%,435,434,1,3,2,440,15,15,4795886,0.00%,,
RunIII_barcode09,C:99.3%[S:98.9%,437,435,2,1,2,440,5,5,4886094,0.00%,,
RunIII_barcode10,C:99.5%[S:99.3%,438,437,1,0,2,440,3,3,4746309,0.00%,,
RunIII_barcode11,C:99.5%[S:99.3%,438,437,1,0,2,440,6,6,4950361,0.00%,,
RunIII_barcode12,C:99.3%[S:99.1%,437,436,1,2,1,440,9,9,4927719,0.00%,,
RunIII_barcode13,C:99.5%[S:99.1%,438,436,2,1,1,440,19,19,4907886,0.00%,465 KB,465 KB
RunIII_barcode14,C:99.1%[S:98.6%,436,434,2,2,2,440,29,29,4908438,0.00%,320 KB,320 KB
RunIII_barcode15,C:99.1%[S:98.9%,436,435,1,2,2,440,4,4,4806685,0.00%,,
RunIII_barcode16,C:99.5%[S:99.3%,438,437,1,0,2,440,3,3,4747363,0.00%,,
RunIII_barcode17,C:97.5%[S:97.3%,429,428,1,6,5,440,17,17,4970527,0.00%,796 KB,796 KB
RunIII_barcode18,C:99.5%[S:99.3%,438,437,1,0,2,440,5,5,4739592,0.00%,,
RunIII_barcode19,C:99.3%[S:98.9%,437,435,2,1,2,440,4,4,5009923,0.00%,,
RunIII_barcode20,C:99.5%[S:99.3%,438,437,1,1,1,440,6,6,5037800,0.00%,,
RunIII_barcode21,C:94.8%[S:94.1%,417,414,3,13,10,440,15,15,4752507,0.00%,551 KB,551 KB
RunIII_barcode22,C:98.0%[S:97.7%,431,430,1,3,6,440,5,5,4914875,0.00%,,
RunIII_barcode23,C:98.6%[S:98.4%,434,433,1,4,2,440,4,4,5034673,0.00%,,
RunIII_barcode24,C:99.5%[S:99.3%,438,437,1,0,2,440,4,4,4748673,0.00%,,
RunI_LR_HA1,C:99.5%[S:99.3%,438,437,1,0,2,440,4,4,5075618,0.00%,,
RunI_LR_HA2,C:99.5%[S:99.3%,438,437,1,0,2,440,4,4,5076370,0.00%,,
RunI_LR_HA3,C:99.8%[S:99.3%,439,437,2,0,1,440,4,4,5024043,0.00%,,
RunI_LR_HA4,C:99.5%[S:99.3%,438,437,1,0,2,440,3,3,4928445,0.00%,,
RunI_LR_HA5,C:99.5%[S:99.1%,438,436,2,0,2,440,6,6,4994932,0.00%,,
RunI_LR_HA6,C:99.5%[S:99.3%,438,437,1,0,2,440,3,3,4928515,0.00%,,
RunI_LR_HA7,C:99.5%[S:99.3%,438,437,1,0,2,440,3,3,4928477,0.00%,,
RunI_LR_HA8,C:99.5%[S:99.3%,438,437,1,0,2,440,3,3,4923714,0.00%,,
RunIV_barcode07,C:99.5%[S:99.3%,438,437,1,0,2,440,4,4,4844101,0.00%,,
RunIV_barcode10,C:99.5%[S:99.3%,438,437,1,0,2,440,4,4,4751829,0.00%,,
RunIV_barcode12,C:99.5%[S:99.3%,438,437,1,0,2,440,4,4,4998337,0.00%,,
RunIV_barcode14,C:99.5%[S:99.1%,438,436,2,0,2,440,7,7,4921011,0.00%,,
RunIV_barcode15,C:99.8%[S:99.5%,439,438,1,0,1,440,3,3,4810487,0.00%,,
RunIV_barcode17,C:99.5%[S:99.3%,438,437,1,0,2,440,5,5,5008883,0.00%,,
RunIV_barcode18,C:99.5%[S:99.3%,438,437,1,0,2,440,3,3,4739959,0.00%,,
RunIV_barcode21,C:99.5%[S:99.3%,438,437,1,0,2,440,3,3,4776872,0.00%,,
RunIV_barcode24,C:99.5%[S:99.3%,438,437,1,0,2,440,3,3,4746313,0.00%,,
RunIV_barcode25,C:99.1%[S:98.9%,436,435,1,2,2,440,3,3,4693401,0.00%,,
RunIV_barcode26,C:99.3%[S:99.1%,437,436,1,1,2,440,6,6,4855039,0.00%,,
RunIV_barcode27,C:98.6%[S:98.4%,434,433,1,4,2,440,4,4,4941594,0.00%,,
