C	1	2960674
C	2	13766986
C	3	2029578
D	1	25300
D	2	118076
D	3	17698
E	1	3973418
E	2	18532274
E	3	2719086
F	1	1696924
F	2	7918368
F	3	1175822
G	1	3863164
G	2	17941100
G	3	2625092
H	1	2829450
H	2	13169834
H	3	1934228
I	1	1339260
I	2	6279470
I	3	911798
J	1	828836
J	2	3842116
J	3	570824
K	1	646426
K	2	3018450
K	3	442200
L	1	626266
L	2	2963774
L	3	426498
M	1	1128372
M	2	5151768
M	3	758568
N	1	155566
N	2	725324
N	3	99648
O	1	264220
O	2	1222624
O	3	182664
P	1	689160
P	2	3229600
P	3	467270
Q	1	387096
Q	2	1852808
Q	3	266370
S	1	463604
S	2	2178764
S	3	331322
T	1	418348
T	2	1982912
T	3	285794
U	1	306184
U	2	1414684
U	3	207238
V	1	96860
V	2	417668
V	3	59432
