Id;JI_Group
GCF_010667925.1;1
GCF_017315165.1;1
GCF_023676805.1;1
GCF_031888365.1;1
GCF_031890505.1;1
GCF_905332865.1;1
GCF_000814075.1;1
GCF_015711555.1;1
GCF_005233495.2;1
GCF_900454395.1;1
GCF_010523255.1;1
GCF_017474165.1;1
GCF_014839205.2;1
GCF_012241415.1;1
GCF_029838845.1;1
GCF_022585235.1;1
GCF_943184895.1;1
GCF_007050955.1;1
GCF_031887785.1;1
RunII_barcode02;1
RunII_barcode19;1
RunIII_barcode09;1
RunIII_barcode13;1
RunIV_barcode14;1
GCF_001662025.2;1
GCF_031890185.1;1
GCF_031890525.1;1
GCF_014839315.1;1
GCF_014839525.2;1
GCF_014838905.1;1
GCF_010667775.1;1
GCF_900454505.1;1
MRG08A2TBR218;1
GCF_029016125.1;1
GCF_007558755.1;1
GCF_021559955.1;1
GCF_005233795.1;1
GCF_014839015.1;1
GCF_002157425.2;1
GCF_014156615.1;1
AATRIGO01005HV;1
GCF_000710215.1;1
GCF_005233805.1;1
GCF_001709315.1;1
RunIII_barcode19;1
GCF_003369485.1;1
GCF_031891025.1;1
GCF_003369505.1;1
ISP88A10SE162020;1
GCF_015025115.1;1
GCF_010667895.1;1
GCF_010667855.1;1
GCF_010667845.1;1
GCF_010667865.1;1
GCF_014839085.2;1
RunIV_barcode10;2
RunIV_barcode18;2
RunIV_barcode24;2
RunIV_barcode25;2
GCF_010667995.1;2
RunIII_barcode06;2
GCF_040676315.1;2
GCF_040676145.1;2
GCF_039671955.1;2
GCF_039672795.1;2
GCF_039672185.1;2
GCF_039672195.1;2
GCF_039672045.1;2
GCF_039671905.1;2
GCF_039671785.1;2
GCF_014138205.1;2
GCF_014138245.1;2
GCF_001238615.1;2
GCF_014353745.1;2
GCF_014839425.1;2
GCF_034044955.1;2
GCF_039672725.1;2
GCF_039675505.1;2
GCF_039675405.1;2
RunII_barcode13;2
RunII_barcode14;2
RunIII_barcode05;2
RunIV_barcode15;2
GCF_035582725.1;2
GCF_030433795.1;2
GCF_011800685.1;2
GCF_014839545.1;2
GCF_902706165.1;2
GCF_039672625.1;2
GCF_039672015.1;2
GCF_039672705.1;2
GCF_039675745.1;2
GCF_024799805.1;2
GCF_039672165.1;2
GCF_003704305.1;2
RunII_barcode07;2
RunII_barcode11;2
RunII_barcode17;2
RunIV_barcode07;2
GCF_000757415.2;2
GCF_013403235.1;2
GCF_011800405.1;2
GCF_039671395.1;2
GCF_009765475.1;2
RunIII_barcode22;2
RunIV_barcode17;2
GCF_030710645.1;2
GCF_039672365.1;2
GCF_039675785.1;2
GCF_011800475.1;2
GCF_025910075.1;2
GCF_014353795.1;2
GCF_014353955.1;2
GCF_039671855.1;2
GCF_039671545.1;2
GCF_014353845.1;2
GCF_014354065.1;2
GCF_014354135.1;2
GCF_014354145.1;2
GCF_014354235.1;2
GCF_039671885.1;2
GCF_039672335.1;2
GCF_039672455.1;2
GCF_000687245.1;2
GCF_026625085.1;2
GCF_032200625.1;2
GCF_014839125.1;2
GCF_019969975.1;2
GCF_038657925.1;2
GCF_900182855.1;2
GCF_039675815.1;2
GCF_039672205.1;2
GCF_036549535.1;2
GCF_019048385.1;2
GCF_022966105.1;2
GCF_020783495.1;2
RunII_barcode03;2
RunIII_barcode16;2
RunIV_barcode21;2
GCF_024520875.1;2
GCF_034808485.1;2
GCF_000475055.1;2
GCF_001598475.1;2
GCF_000743785.2;2
GCF_039671455.1;2
GCF_039671575.1;2
GCF_039671805.1;2
GCF_039672415.1;2
GCF_039672515.1;2
GCF_039675385.1;2
GCF_039672265.1;2
GCF_039675425.1;2
GCF_039671815.1;2
GCF_039672065.1;2
GCF_039672075.1;2
GCF_039672095.1;2
GCF_030812275.1;2
GCF_030815835.1;2
GCF_009762725.1;2
RunII_barcode06;2
RunII_barcode08;2
RunII_barcode15;2
RunII_barcode16;2
RunII_barcode18;2
GCF_034808565.1;2
GCF_014842695.2;2
GCF_900185875.1;2
GCF_039671705.1;2
GCF_021609925.1;2
RunII_barcode09;2
RunIV_barcode26;2
GCF_034044845.1;2
GCF_019969965.1;2
GCF_037151835.1;2
ISP307TRI602222;2
MRG05AA1TBR118;2
GCF_039671445.1;2
GCF_039671645.1;2
GCF_040547385.1;2
GCF_040547405.1;2
RunII_barcode01;2
RunIII_barcode11;2
GCF_023508185.1;2
GCF_039671345.1;2
GCF_039671825.1;2
GCF_013201565.1;2
ISP290TRI602222;2
GCF_039671355.1;2
GCF_014353835.1;2
GCF_039671275.1;2
GCF_001264395.1;2
GCF_004344785.1;2
GCF_014353995.1;2
GCF_014354005.1;2
GCF_014353755.1;2
GCF_014353815.1;2
GCF_014353935.1;2
GCF_039672495.1;2
GCF_039671945.1;2
GCF_039675365.1;2
GCF_034044915.1;2
GCF_014138175.1;2
GCF_014138195.1;2
GCF_023614195.1;2
GCF_024520845.1;2
GCF_038116615.1;2
GCF_039672445.1;2
GCF_039672275.1;2
GCF_039672295.1;2
GCF_031889605.1;2
GCF_000627115.1;2
GCF_001288285.1;2
GCF_025910055.1;2
GCF_024520895.1;2
GCF_037727885.1;2
GCF_014354155.1;2
GCF_010667965.1;2
GCF_039672125.1;2
GCF_039672285.1;2
GCF_039675765.1;2
GCF_003860325.1;2
RunIV_barcode12;2
RunIV_barcode27;2
GCF_031889005.1;2
GCF_001661985.2;2
GCF_026241965.1;2
GCF_025642855.1;2
GCF_031889865.1;2
GCF_030177195.1;2
GCF_030815435.1;2
GCF_009668105.1;2
GCF_039671985.1;2
GCF_011800485.1;2
GCF_002222515.1;2
GCF_036961635.1;2
GCF_014353865.1;2
GCF_014354035.1;2
GCF_017348995.1;2
GCF_010667975.1;2
GCF_010667985.1;2
GCF_039671725.1;2
GCF_039672505.1;2
GCF_039671975.1;2
GCF_039671505.1;2
GCF_037152335.1;2
GCF_014839115.1;2
GCF_000731125.1;2
GCF_030814785.1;2
GCF_039671755.1;2
RunII_barcode10;2
GCF_039671325.1;2
GCF_039671515.1;2
GCF_039671745.1;2
GCF_039671605.1;2
GCF_039671555.1;2
GCF_039671925.1;2
GCF_039675805.1;2
GCF_025642955.1;2
ISP246TRI430622;2
GCF_014353945.1;2
GCF_014354045.1;2
GCF_039671265.1;2
GCF_039671365.1;2
GCF_039672115.1;2
GCF_039672755.1;2
GCF_039675485.1;2
GCF_039672395.1;2
GCF_037152495.1;2
GCF_001597625.1;2
ISP21EFSP3TBR18;2
GCF_031890205.1;2
GCF_009759885.1;2
GCF_014354165.1;2
GCF_039672605.1;2
GCF_039671635.1;2
GCF_039672235.1;2
GCF_000952095.1;2
GCF_004117135.1;2
GCF_004136415.1;2
GCF_016925765.1;2
GCF_010667945.1;2
GCF_004793995.1;2
GCF_037151955.1;2
GCF_039671625.1;2
GCF_034808825.1;2
GCF_014839265.1;2
GCF_014839175.1;2
GCF_014353895.1;2
GCF_014353705.1;2
GCF_000241285.1;2
GCF_034808865.1;2
GCF_003710245.1;2
GCF_014838815.1;2
GCF_003258435.1;2
GCF_014841465.2;2
GCF_039671475.1;2
ISP136B15SPT20Q20;2
ISP142B21SPM20Q20b;2
GCF_039671375.1;2
GCF_039671255.1;2
GCF_014354055.1;2
GCF_039671655.1;2
GCF_000220605.1;2
GCF_014838975.1;2
GCF_039671245.1;2
GCF_039672735.1;2
GCF_014839325.1;2
GCF_037152265.1;2
GCF_029623495.1;2
RunIII_barcode04;3
RunIII_barcode02;3
RunIII_barcode03;3
ISP256AE20522;3
ISP264TRI195422;3
ISP245AE20522;3
ISP258TRI821222bis;3
ISP19421;3
ISP207KrafftsSiegerlnder22;3
ISP248TRI821222;3
ISP211TRI199822;3
ISP239TRI602222;3
ISP263TRI195422;3
ISP113A35BSH120;3
ISP143B22SPM20Q20;3
ISP18721;3
ISP19321;3
ISP19721;3
ISP20021;3
ISP20422;3
ISP206AE49822;3
ISP208StrubesDickkopf22;3
ISP212TRI626322;3
ISP213TRI44822;3
ISP215TRI44522;3
ISP216TRI410122;3
ISP240TRI416822;3
ISP242TRI586022;3
ISP250TRI436722;3
ISP254TRI602222;3
ISP255TRI430622;3
ISP262TRI602222;3
ISP267TRI430622;3
ISP95A17DRA20;3
ISP19621;3
ISP205TRI712122;3
ISP266TRI602222;3
ISP252TRI416822;3
