Id,codestrain,source,plant_specie,plant_family,plant.tissue,isolation.source,chi.source,chi.plant.tissue,location,especie_trigo,wheat_type,tipogenoma,strainnumber,why.we.sequence.it.,nanopore,genus,sp.,geolocation,wheat_id,inherence,year,taldagan,resumen_aislamiento_lugar,tipogenoma_seq,filtrado,outers,ipk_resiembra,procedencia2,ours,Complete_BUSCOs__C_,Complete_and_single_copy_BUSCOs__S_,Complete_and_duplicated_BUSCOs__D_,Fragmented_BUSCOs__F_,Missing_BUSCOs__M_,total_BUSCO_groups_searched,Number_of_scaffolds,Number_of_contigs,Total_genome_length,ji_color,ji_group,num_plasmids,num_viruses,sequencing_method,data.source,num_plasmids_mod,num_viruses_mod,Flagellum,T1SS,T3SS,T4aP,T4bP,T5aSS,T5bSS,T5cSS,T6SSi,T4SSi,T4SSt,APH_3__.Ia,APH_3___.Ib,APH_3__.IIa,APH_6_.Id,CRP,Klebsiella_pneumoniae_KpnH,oqxB,astA,sitC
AATRIGO01005HV,BIOMAR,Plant,Triticum sp.,Poaceae sp.,Seed,Wheat seeds,Plant,Seed,Europe,Triticum aestivum,Comercial,contigs,C-38,BIOMAR,yes,Pantoea,agglomerans,Leon,TBR,no,2018,ISP,Wheat seeds,contigs,n,,Leon,Wheat seeds,x,438,436,2,0,2,440,41,41,4959584,#2b83ba,1,4,4,Illumina,This work,4,4,0,1,0,0,1,1,1,1,1,0,1,0,0,0,0,1,0,1,0,1
GCF_000220605.1,,Unknown,No_Plant,No_Plant,No_Plant,,No_plant,No_Plant,America,,,Contig,220605,,,,,,,,,NCBI,Plant,Contig,n,,,,,438,437,1,0,2,440,37,37,4919733,#ffffbf,2,5,10,Illumina,NCBI,5,undetermined,0,1,1,0,0,1,1,0,1,0,0,0,0,0,0,1,1,1,0,0
GCF_000241285.1,,Unknown,No_Plant,No_Plant,No_Plant,,No_plant,No_Plant,Asia,,,Contig,241285,,,,,,,,,NCBI,Unknown,Contig,n,,,,,439,438,1,0,1,440,18,18,4829577,#ffffbf,2,2,6,Illumina,NCBI,2,undetermined,0,1,1,0,0,1,1,0,1,0,0,0,0,0,0,1,1,1,0,1
GCF_000475055.1,Tx10,Animal,No_Plant,No_Plant,No_Plant,,No_plant,No_Plant,Unknown,,,Scaffold,475055,,,Pantoea,agglomerans,,,,10/21/13,NCBI,Animal,Contig,n,,,Animal,,438,437,1,0,2,440,22,23,4856993,#ffffbf,2,3,2,Illumina,NCBI,3,2,1,1,0,0,0,1,1,0,1,0,0,0,0,0,0,1,0,1,0,0
GCF_000627115.1,RIT273,Plant,Unknown,Unknown,Plant,,Plant,Plant,Unknown,,,Contig,627115,,,Pantoea,agglomerans,,,,41947,NCBI,Plant,Contig,n,,,Plant,,438,399,39,0,2,440,26,26,5365338,#ffffbf,2,2,3,Illumina,NCBI,2,3,0,1,0,0,0,1,1,0,1,0,0,0,0,0,0,1,0,1,0,0
GCF_000687245.1,Eh318,Plant,Unknown,Unknown,Plant,,Plant,Plant,Unknown,,,Scaffold,687245,,,Pantoea,agglomerans,,,,41856,NCBI,Plant,Contig,n,,,Plant,,438,437,1,0,2,440,34,36,5035839,#ffffbf,2,6,1,Illumina,NCBI,undetermined,1,0,1,0,0,0,1,1,0,1,0,0,0,0,0,0,1,1,1,0,0
GCF_000710215.1,DAPP-PG734,Plant,Unknown,Unknown,Plant,,Plant,Plant,Unknown,,,Contig,710215,,,Pantoea,agglomerans,,,,6/18/14,NCBI,Plant,Contig,n,,,Plant,,434,433,1,4,2,440,195,195,5365929,#2b83ba,1,62,4,Illumina,NCBI,undetermined,4,0,1,1,0,1,1,1,0,1,0,0,0,0,0,0,1,0,1,0,1
GCF_000731125.1,190,Soil,No_Plant,No_Plant,No_Plant,,No_plant,No_Plant,Unknown,,,Scaffold,731125,,,Pantoea,agglomerans,,,,7/18/14,NCBI,Soil,Contig,n,,,Soil,,438,437,1,0,2,440,5,5,5002566,#ffffbf,2,3,4,Illumina,NCBI,3,4,1,1,1,1,0,1,1,0,1,0,0,0,0,0,0,1,0,1,0,0
GCF_000743785.2,4,Plant,Triticum sp.,Poaceae sp.,Seed,Wheat seeds,Plant,Seed,Unknown,,,Scaffold,743785,,,Pantoea,agglomerans,,,,3/25/16,NCBI,Wheat seeds,Contig,n,,,Wheat seeds,,438,437,1,0,2,440,4,6,4827890,#ffffbf,2,3,2,Illumina,NCBI,3,2,1,1,0,1,0,1,1,0,1,0,0,0,0,0,0,1,1,1,0,0
GCF_000757415.2,MP2,Animal,No_Plant,No_Plant,No_Plant,,No_plant,No_Plant,Unknown,,,Contig,757415,,,Pantoea,agglomerans,,,,9/23/14,NCBI,Animal,Contig,n,,,Animal,,438,437,1,0,2,440,16,16,4733829,#ffffbf,2,4,1,Illumina,NCBI,4,1,0,1,0,0,0,1,1,0,1,0,0,0,0,0,0,1,1,1,0,1
GCF_000814075.1,LMAE-2,Soil,No_Plant,No_Plant,No_Plant,,No_plant,No_Plant,Unknown,,,Contig,814075,,,Pantoea,agglomerans,,,,42036,NCBI,Soil,Contig,n,,,Sediment,,434,432,2,3,3,440,155,155,4981165,#2b83ba,1,28,1,Illumina,NCBI,undetermined,1,0,1,0,0,0,1,1,0,1,0,0,0,0,0,0,1,0,1,0,1
GCF_000952095.1,GB1,Plant,Unknown,Unknown,Plant,,Plant,Plant,Unknown,,,Contig,952095,,,Pantoea,agglomerans,,,,3/13/15,NCBI,Plant,Contig,n,,,Plant,,414,413,1,20,6,440,33,33,4765050,#ffffbf,2,4,5,Illumina,NCBI,4,5,0,1,1,0,0,1,1,0,0,0,0,0,0,0,0,1,0,1,0,0
GCF_001238615.1,,Soil,No_Plant,No_Plant,No_Plant,,No_plant,No_Plant,Europe,,,,1238615,,,,,france,,,,,,,,,,soil,,438,437,1,0,2,440,92,92,4729004,#ffffbf,2,13,0,Illumina,NCBI,undetermined,0,0,1,0,0,0,1,1,0,0,0,0,0,0,0,0,1,1,1,0,0
GCF_001264395.1,,Plant,Juglans sp.,Juglandaceae,Fruit,,Plant,Plant,America,,,,1264395,,,,,chile,,,,,,,,,,walnut tree,,438,434,4,0,2,440,47,47,4942973,#ffffbf,2,11,2,Illumina,NCBI,undetermined,2,0,1,0,0,0,1,1,0,0,0,1,0,0,0,0,1,0,1,0,1
GCF_001288285.1,P10c,Plant,Unknown,Unknown,Plant,,Plant,Plant,Unknown,,,Contig,1288285,,,Pantoea,agglomerans,,,,9/16/15,NCBI,Plant,Contig,n,,,Plant,,438,437,1,0,2,440,18,18,4775916,#ffffbf,2,2,3,Illumina,NCBI,2,3,0,1,0,0,0,1,1,0,1,0,0,0,0,0,0,1,0,1,0,0
GCF_001597625.1,3,Plant,Triticum sp.,Poaceae sp.,Seed,Wheat seeds,Plant,Seed,Unknown,,,Scaffold,1597625,,,Pantoea,agglomerans,,,,3/25/16,NCBI,Wheat seeds,Contig,n,,,Wheat seeds,,437,436,1,1,2,440,4,6,4813581,#ffffbf,2,2,5,Illumina,NCBI,2,5,1,1,1,1,0,1,1,0,1,0,0,0,0,0,0,1,0,1,0,0
GCF_001598475.1,NBRC 102470,Animal,No_Plant,No_Plant,No_Plant,,No_plant,No_Plant,Unknown,,,Contig,1598475,,,Pantoea,agglomerans,,,,42677,NCBI,Animal,Contig,n,,,Animal,,438,437,1,0,2,440,25,25,4652040,#ffffbf,2,3,2,Illumina,NCBI,3,2,0,1,0,0,0,1,1,0,1,0,0,0,0,0,0,1,1,1,0,0
GCF_001661985.2,,Plant,Gypsophila paniculata,Caryophyllaceae,Plant,,Plant,Plant,America,,,,1661985,,,,,,,,1990,,,,,,,Gypsophila paniculata,,438,437,1,0,2,440,5,5,5034205,#ffffbf,2,4,3,Illumina,NCBI,4,3,1,1,1,1,0,1,1,0,1,0,0,0,0,0,0,1,0,1,0,0
GCF_001662025.2,,Plant,Beta vulgaris,Amaranthaceae,Plant,,Plant,Plant,America,,,,1662025,,,,,,,,1990,,,,,,,Beta vulgaris,,438,437,1,0,2,440,4,4,5041798,#2b83ba,1,3,3,Illumina,NCBI,3,3,1,1,1,1,0,1,1,0,1,0,0,0,0,0,0,1,1,1,0,1
GCF_001709315.1,C410P1,Plant,Lettuce sp.,Asteraceae,Plant,,Plant,Plant,Asia,,NA,close,1709315,,,Pantoea,agglomerans,China,,no,,NCBI,Plant,close,n,,,Lettuce,,434,432,2,4,2,440,4,4,5115241,#2b83ba,1,3,4,nanopore,NCBI,3,4,1,1,1,1,1,1,1,0,1,0,0,0,0,0,0,1,0,1,0,1
GCF_002157425.2,P5,Unknown,No_Plant,No_Plant,No_Plant,,No_plant,No_Plant,Unknown,,,,2157425,,,,,,,,1998,,,,n,singles,,,,438,427,11,0,2,440,127,160,5074260,#2b83ba,1,27,4,Illumina,NCBI,undetermined,4,0,1,1,0,0,1,1,0,0,0,0,0,0,0,0,1,0,1,0,1
GCF_002222515.1,JM1,Soil,No_Plant,No_Plant,No_Plant,,No_plant,No_Plant,Unknown,,,Scaffold,2222515,,,Pantoea,agglomerans,,,,7/20/17,NCBI,Soil,Contig,n,,,Soil,,438,437,1,0,2,440,34,46,4794872,#ffffbf,2,9,3,Illumina,NCBI,undetermined,3,0,1,0,0,0,1,1,0,0,0,0,0,0,0,0,1,0,1,0,0
GCF_003258435.1,Bl3,Plant,Unknown,Unknown,Plant,,Plant,Plant,Unknown,,,Contig,3258435,,,Pantoea,agglomerans,,,,6/20/18,NCBI,Plant,Contig,n,,,Plant,,438,437,1,0,2,440,24,24,5047763,#ffffbf,2,7,6,Illumina,NCBI,undetermined,undetermined,1,1,1,0,0,1,1,0,1,0,1,0,0,0,0,1,1,1,0,0
GCF_003369485.1,BD 1212,Plant,Allium sativum,Amaryllidaceae,Bulb,,Plant,Plant,Africa,,,Contig,3369485,,,Pantoea,agglomerans,SouthAfrica,,,43381,NCBI,Plant,Contig,n,,,Onion,,437,435,2,1,2,440,103,103,4875404,#2b83ba,1,28,5,Illumina,NCBI,undetermined,5,0,1,1,0,0,1,1,0,0,0,0,0,0,0,0,1,1,1,0,1
GCF_003369505.1,BD 1274,Plant,Allium sativum,Amaryllidaceae,Bulb,,Plant,Plant,Africa,,,Contig,3369505,,,Pantoea,agglomerans,SouthAfrica,,,43381,NCBI,Plant,Contig,n,,,Onion,,434,432,2,3,3,440,246,246,4968508,#2b83ba,1,86,6,Illumina,NCBI,undetermined,6,0,1,0,0,0,1,1,0,0,0,0,0,0,0,0,1,0,1,1,0
GCF_003710245.1,,Plant,Raphanus sativus,Brassicaceae,Seed,,Plant,Seed,America,,,,3710245,,,,,,,,2018,,,,,,,Seed-associated bacterial strains collected from Raphanus sativus seeds,,438,437,1,0,2,440,28,28,4981783,#ffffbf,2,5,6,Illumina,NCBI,5,undetermined,0,1,1,0,0,1,1,0,1,0,0,0,0,0,0,1,1,1,0,0
GCF_003860325.1,L15,Plant,Unknown,Unknown,Leaf,Hypericum perphoratum phyllosphere,Plant,Plant,Europe,,NA,close,3860325,,,Pantoea,agglomerans,Poland,,no,,NCBI,Plant,close,n,,,Hypericum perphoratum phyllosphere,,438,437,1,0,2,440,4,4,4858869,#ffffbf,2,3,3,nanopore,NCBI,3,3,1,1,1,1,0,1,1,0,1,0,0,0,0,0,0,1,0,1,0,0
GCF_004344785.1,ES418,Soil,No_Plant,No_Plant,No_Plant,,No_plant,No_Plant,Unknown,,,Contig,4344785,,,Pantoea,agglomerans,,,,43772,NCBI,Soil,Contig,n,,,Soil,,438,437,1,0,2,440,66,66,5176065,#ffffbf,2,16,2,Illumina,NCBI,undetermined,2,1,1,0,0,0,1,1,0,1,0,0,0,0,0,0,1,1,1,0,0
GCF_004793995.1,,,,,,,,,,,,,4793995,,,,,,,,,,,,,,,Soil,,438,437,1,0,2,440,66,66,5176065,#ffffbf,2,5,5,Illumina,NCBI,5,5,1,1,1,0,0,1,1,0,1,0,1,0,0,0,0,1,1,1,0,0
GCF_005233495.2,Bl3,Plant,Unknown,Unknown,Plant,,Plant,Plant,Unknown,,,Contig,5233495,,,Pantoea,agglomerans,,,,4/14/19,NCBI,Plant,Contig,n,,,Plant,,438,437,1,0,2,440,22,22,5046415,#2b83ba,1,3,1,Illumina,NCBI,3,1,1,1,0,1,0,1,1,0,1,0,0,0,0,0,0,1,0,1,0,1
GCF_005233795.1,,Plant,Raphanus sativus,Brassicaceae,Seed,,Plant,Seed,America,,,,5233795,,,,,,,,,,,,,,,Seed-associated bacterial strains collected from Raphanus sativus seeds,,438,436,2,0,2,440,4,4,4932464,#2b83ba,1,10,4,Illumina,NCBI,undetermined,4,0,1,0,0,0,1,1,0,1,0,0,0,0,0,0,1,0,1,0,1
GCF_005233805.1,CFBP13516,Plant,Unknown,Unknown,Plant,,Plant,Plant,Unknown,,,Contig,5233805,,,Pantoea,agglomerans,,,,43651,NCBI,Plant,Contig,n,,,Plant,,438,436,2,0,2,440,54,54,5026237,#2b83ba,1,19,4,Illumina,NCBI,undetermined,4,0,1,0,0,0,1,1,0,1,0,0,0,0,0,0,1,0,1,0,1
GCF_007050955.1,CFBP13532,Plant,Unknown,Unknown,Plant,,Plant,Plant,Unknown,,,Contig,7050955,,,Pantoea,agglomerans,,,,43651,NCBI,Plant,Contig,n,,,Plant,,438,436,2,0,2,440,61,61,4934344,#2b83ba,1,11,2,Illumina,NCBI,undetermined,2,0,1,0,0,0,1,1,0,1,0,0,0,0,0,0,1,0,1,0,1
GCF_007558755.1,K1,Plant,Unknown,Unknown,Plant,,Plant,Plant,Unknown,,,Contig,7558755,,,Pantoea,agglomerans,,,,7/16/19,NCBI,Plant,Contig,n,,,Plant,,438,436,2,0,2,440,46,46,5000942,#2b83ba,1,5,3,Illumina,NCBI,5,3,0,1,1,0,0,1,1,0,1,0,0,0,0,0,0,1,0,1,0,1
GCF_009668105.1,,Plant,Olea europaea,Oleaceae,Plant,,Plant,Plant,Europe,,,,9668105,,,,,croatia,,,,,,,,,,olivo,,438,436,2,0,2,440,52,52,5077592,#ffffbf,2,5,3,Illumina,NCBI,5,3,0,1,0,0,0,1,1,0,1,0,0,0,0,0,0,1,0,1,0,0
GCF_009759885.1,RIT710,Fungi,No_Plant,No_Plant,No_Plant,,No_plant,No_Plant,Unknown,,,Contig,9759885,,,Pantoea,agglomerans,,,,11/18/19,NCBI,Fungi,Contig,n,,,Fungi,,438,437,1,0,2,440,34,34,4740510,#ffffbf,2,3,5,Illumina,NCBI,3,5,1,1,0,0,0,1,1,0,1,0,0,0,0,0,0,1,1,1,0,0
GCF_009762725.1,C1,Plant,Unknown,Unknown,Plant,,Plant,Plant,Unknown,,,Contig,9762725,,,Pantoea,agglomerans,,,,12/17/19,NCBI,Plant,Contig,n,,,Plant,,438,437,1,0,2,440,21,21,4846162,#ffffbf,2,3,2,nanopore,NCBI,3,2,1,1,0,1,0,1,1,0,1,0,0,0,0,0,0,1,1,1,0,0
GCF_010523255.1,BAV 2934,Water,No_Plant,No_Plant,No_Plant,,No_plant,No_Plant,Unknown,,,Contig,10523255,,,Pantoea,agglomerans,,,,12/18/19,NCBI,Environmental,Contig,n,,,Rain,,438,437,1,0,2,440,5,5,4944994,#2b83ba,1,3,1,nanopore,NCBI,3,1,1,1,0,1,1,1,1,0,1,0,0,0,0,0,0,1,1,1,0,1
GCF_010667775.1,UAEU18,Soil,No_Plant,No_Plant,No_Plant,,No_plant,No_Plant,Unknown,,,close,10667775,,,Pantoea,agglomerans,,,,2/13/20,NCBI,Soil,close,n,,,Soil,,438,436,2,0,2,440,4,5,4825350,#2b83ba,1,4,3,Illumina,NCBI,4,3,0,1,0,0,0,1,1,0,1,0,0,0,0,0,0,1,0,1,0,1
GCF_010667845.1,T6,Plant,Triticum sp.,Poaceae sp.,Seed,Wheat seeds,Plant,Seed,Europe,Triticum aestivum,Comercial,Scaffold,10667845,,,Pantoea,agglomerans,Turkey,,,2/14/20,Tal Dagan_2021,Wheat seeds,Contig,n,,,Wheat seeds,,438,436,2,0,2,440,19,19,4741789,#abdda4,1,8,2,Illumina,NCBI,undetermined,2,0,1,1,0,0,1,1,0,1,0,0,0,0,0,0,1,1,1,0,0
GCF_010667855.1,T2,Plant,Triticum sp.,Poaceae sp.,Seed,Wheat seeds,Plant,Seed,Europe,Triticum aestivum,Comercial,Scaffold,10667855,,,Pantoea,agglomerans,Turkey,,,2/14/20,Tal Dagan_2021,Wheat seeds,Contig,n,,,Wheat seeds,,438,437,1,0,2,440,30,30,4823700,#abdda4,1,5,2,Illumina,NCBI,5,2,1,1,1,0,0,1,1,0,1,0,0,0,0,0,0,1,1,1,0,0
GCF_010667865.1,T3,Plant,Triticum sp.,Poaceae sp.,Seed,Wheat seeds,Plant,Seed,Europe,Triticum aestivum,Comercial,Scaffold,10667865,,,Pantoea,agglomerans,Turkey,,,2/14/20,Tal Dagan_2021,Wheat seeds,Contig,n,,,Wheat seeds,,438,437,1,0,2,440,26,26,4714968,#abdda4,1,4,3,Illumina,NCBI,4,3,1,1,1,0,0,1,1,0,1,0,0,0,0,0,0,1,1,1,0,0
GCF_010667895.1,T5,Plant,Triticum sp.,Poaceae sp.,Seed,Wheat seeds,Plant,Seed,Europe,Triticum aestivum,Comercial,Scaffold,10667895,,,Pantoea,agglomerans,Turkey,,,2/14/20,Tal Dagan_2021,Wheat seeds,Contig,n,,,Wheat seeds,,438,437,1,0,2,440,24,24,4739540,#abdda4,1,4,2,Illumina,NCBI,4,2,1,1,1,0,0,1,1,0,1,0,0,0,0,0,0,1,1,1,0,0
GCF_010667925.1,T4,Plant,Triticum sp.,Poaceae sp.,Seed,Wheat seeds,Plant,Seed,Europe,Triticum aestivum,Comercial,Scaffold,10667925,,,Pantoea,agglomerans,Turkey,,,2/14/20,Tal Dagan_2021,Wheat seeds,Contig,n,,,Wheat seeds,,438,437,1,0,2,440,31,31,4952873,#2b83ba,1,2,0,Illumina,NCBI,2,0,1,1,0,0,0,1,1,0,1,0,0,0,0,0,0,1,0,1,0,1
GCF_010667945.1,T1,Plant,Triticum sp.,Poaceae sp.,Seed,Wheat seeds,Plant,Seed,Europe,Triticum aestivum,Comercial,Scaffold,10667945,,,Pantoea,agglomerans,Turkey,,,2/14/20,Tal Dagan_2021,Wheat seeds,Contig,n,,,Wheat seeds,,438,436,2,0,2,440,17,17,4530745,#ffffbf,2,5,5,Illumina,NCBI,5,5,0,1,0,0,0,1,1,0,1,0,0,0,0,0,0,1,0,1,0,0
GCF_010667965.1,R5,Plant,Triticum sp.,Poaceae sp.,Seed,Wheat seeds,Plant,Seed,Europe,Triticum aestivum,Comercial,Scaffold,10667965,,,Pantoea,agglomerans,Germany,,,2/14/20,Tal Dagan_2021,Wheat seeds,Contig,n,,,Wheat seeds,,438,437,1,0,2,440,47,47,4821784,#ffffbf,2,3,3,Illumina,NCBI,3,3,1,1,0,0,0,1,1,0,1,0,0,0,0,0,0,1,1,1,0,0
GCF_010667975.1,A2,Plant,Triticum sp.,Poaceae sp.,Seed,Wheat seeds,Plant,Seed,Europe,Triticum aestivum,Comercial,Scaffold,10667975,,,Pantoea,agglomerans,Germany,,,2/14/20,Tal Dagan_2021,Wheat seeds,Contig,n,,,Wheat seeds,,438,437,1,0,2,440,20,20,4970487,#ffffbf,2,14,3,Illumina,NCBI,undetermined,3,1,1,0,0,0,1,1,0,1,0,0,0,0,0,0,1,0,1,0,0
GCF_010667985.1,B3,Plant,Triticum sp.,Poaceae sp.,Seed,Wheat seeds,Plant,Seed,Europe,Triticum aestivum,Comercial,Scaffold,10667985,,,Pantoea,agglomerans,Germany,,,2/14/20,Tal Dagan_2021,Wheat seeds,Contig,n,,,Wheat seeds,,438,437,1,0,2,440,59,59,5229895,#ffffbf,2,12,3,Illumina,NCBI,undetermined,3,1,1,0,0,0,1,1,0,1,0,0,0,0,0,0,1,0,1,0,0
GCF_010667995.1,B1,Plant,Triticum sp.,Poaceae sp.,Seed,Wheat seeds,Plant,Seed,Europe,Triticum aestivum,Comercial,Scaffold,10667995,,,Pantoea,agglomerans,Germany,,,2/14/20,Tal Dagan_2021,Wheat seeds,Contig,n,,,Wheat seeds,,438,437,1,0,2,440,45,45,5225316,#ffffbf,2,3,0,Illumina,NCBI,3,0,1,1,0,0,0,1,1,0,1,0,0,0,0,1,0,1,1,1,0,0
GCF_011800405.1,R1,Plant,Triticum sp.,Poaceae sp.,Seed,Wheat seeds,Plant,Seed,Europe,Triticum aestivum,Comercial,Scaffold,11800405,,,Pantoea,agglomerans,Switzerland,,,2/14/20,Tal Dagan_2021,Wheat seeds,Contig,n,,,Wheat seeds,,438,437,1,0,2,440,18,18,4718053,#ffffbf,2,4,1,Illumina,NCBI,4,1,0,1,1,1,0,1,1,0,1,0,0,0,0,0,0,1,1,1,0,0
GCF_011800475.1,,Plant,Cucumis melo,Cucurbitaceae,Seed,,Plant,Seed,America,,,,11800475,,,,,canada,,,,,,,,,,melon seed,,438,437,1,0,2,440,36,39,4873035,#ffffbf,2,6,1,Illumina,NCBI,undetermined,1,0,1,1,0,0,1,1,0,1,0,0,0,0,0,0,1,1,1,0,0
GCF_011800485.1,,Plant,Cucumis melo,Cucurbitaceae,Seed,,Plant,Seed,America,,,,11800485,,,,,canada,,,,,,,,,,melon seed,,438,437,1,0,2,440,46,49,4873346,#ffffbf,2,9,3,Illumina,NCBI,undetermined,3,0,1,1,0,0,1,1,0,1,0,0,0,0,0,0,1,0,1,0,0
GCF_011800685.1,,Plant,Cucumis sativus,Cucurbitaceae,Seed,,Plant,Seed,America,,,,11800685,,,,,canada,,,,,,,,,,cucumber seed,,438,437,1,0,2,440,65,66,4884693,#ffffbf,2,3,1,Illumina,NCBI,3,1,0,1,1,0,0,1,1,0,1,0,0,0,0,0,0,1,1,1,0,0
GCF_012241415.1,,Plant,Cucumis sativus,Cucurbitaceae,Seed,,Plant,Seed,America,,,,12241415,,,,,canada,,,,,,,,,,cucumber seed,,438,437,1,0,2,440,48,50,4708129,#2b83ba,1,8,2,Illumina,NCBI,8,2,0,1,0,0,0,1,1,0,1,0,0,0,0,0,0,1,0,1,0,1
GCF_013201565.1,KM1,Unknown,No_Plant,No_Plant,No_Plant,,No_plant,No_Plant,Asia,,,Scaffold,13201565,,,Pantoea,agglomerans,,,,44047,NCBI,Food,Contig,n,,,,,438,436,2,0,2,440,46,46,4995756,#ffffbf,2,8,2,Illumina,NCBI,undetermined,2,0,1,1,0,0,1,1,0,1,0,0,0,0,0,0,1,1,1,0,0
GCF_013403235.1,DOAB1048,Unknown,No_Plant,No_Plant,No_Plant,,No_plant,No_Plant,America,Triticum aestivum,Comercial,Contig,13403235,,,Pantoea,agglomerans,,,,43836,NCBI,Plant :Wheat,Contig,n,,,,,438,437,1,0,2,440,52,52,4795525,#ffffbf,2,4,1,Illumina,NCBI,4,1,0,1,1,0,0,1,1,0,1,0,0,0,0,0,0,1,1,1,0,0
GCF_014138175.1,FJII-L5-SW-P2,Unknown,No_Plant,No_Plant,No_Plant,,No_plant,No_Plant,America,,,Contig,14138175,,,Pantoea,agglomerans,,,,44172,NCBI,Unknown,Contig,n,,,,,427,426,1,0,13,440,26,26,4724025,#ffffbf,2,2,3,Illumina,NCBI,2,3,1,1,0,0,0,1,1,0,1,0,0,0,0,0,0,1,0,1,0,0
GCF_014138195.1,62e,Unknown,No_Plant,No_Plant,No_Plant,,No_plant,No_Plant,America,,,Scaffold,14138195,,,Pantoea,agglomerans,,,,44112,NCBI,Soil,Contig,n,,,,,438,437,1,0,2,440,11,14,4737169,#ffffbf,2,2,3,Illumina,NCBI,2,3,1,1,0,0,0,1,1,0,1,0,0,0,0,0,0,1,0,1,0,0
GCF_014138205.1,62d,Unknown,No_Plant,No_Plant,No_Plant,,No_plant,No_Plant,America,,,Scaffold,14138205,,,Pantoea,agglomerans,,,,44112,NCBI,Soil,Contig,n,,,,,438,437,1,0,2,440,12,15,4739000,#ffffbf,2,9,0,Illumina,NCBI,undetermined,0,0,1,0,0,0,1,1,0,1,0,0,0,0,0,0,1,1,1,0,0
GCF_014138245.1,MR19,Unknown,No_Plant,No_Plant,No_Plant,,No_plant,No_Plant,America,,,Scaffold,14138245,,,Pantoea,agglomerans,,,,44112,NCBI,Soil,Contig,n,,,,,438,437,1,0,2,440,28,33,5011629,#ffffbf,2,9,0,Illumina,NCBI,undetermined,0,0,1,0,0,0,1,1,0,1,0,0,0,0,0,0,1,1,1,0,0
GCF_014156615.1,MR10,Unknown,No_Plant,No_Plant,No_Plant,,No_plant,No_Plant,America,,,Scaffold,14156615,,,Pantoea,agglomerans,,,,44112,NCBI,Soil,Contig,n,,,,,438,437,1,0,2,440,27,29,5009492,#2b83ba,1,4,4,Illumina,NCBI,4,4,0,1,1,0,0,1,1,0,1,0,0,0,0,0,0,1,1,1,0,1
GCF_014353705.1,,Plant,Unknown,Unknown,Fruit,,Plant,Plant,Asia,,,,14353705,,,,,china,,,,,,,,,,fruta,,438,436,2,0,2,440,37,60,4883800,#ffffbf,2,21,5,Illumina,NCBI,undetermined,5,0,1,1,0,0,1,1,0,1,0,0,0,0,0,0,1,0,1,0,0
GCF_014353745.1,Pa31-3,Unknown,Other,Other,No_Plant,,No_plant,No_Plant,America,,,Contig,14353745,,,Pantoea,agglomerans,,,,43839,NCBI,Plant,Contig,n,,,,,438,437,1,0,2,440,105,105,5096473,#ffffbf,2,21,0,Illumina,NCBI,undetermined,0,0,1,1,0,0,1,1,0,1,0,0,0,0,0,0,1,0,1,0,0
GCF_014353755.1,Pa39-1,Unknown,Other,Other,No_Plant,,No_plant,No_Plant,America,,,Contig,14353755,,,Pantoea,agglomerans,,,,43839,NCBI,Plant,Contig,n,,,,,438,437,1,0,2,440,117,117,4970244,#ffffbf,2,22,2,Illumina,NCBI,undetermined,2,0,1,1,0,0,1,1,0,1,0,0,0,0,0,0,1,1,1,0,0
GCF_014353795.1,Pa39-5,Unknown,Other,Other,No_Plant,,No_plant,No_Plant,America,,,Contig,14353795,,,Pantoea,agglomerans,,,,43839,NCBI,Plant,Contig,n,,,,,438,437,1,0,2,440,129,129,5102516,#ffffbf,2,7,1,Illumina,NCBI,undetermined,1,0,1,0,0,0,1,1,0,1,0,0,0,0,0,0,1,0,1,0,0
GCF_014353815.1,Pa39-7,Unknown,Other,Other,No_Plant,,No_plant,No_Plant,America,,,Scaffold,14353815,,,Pantoea,agglomerans,,,,43839,NCBI,Plant,Contig,n,,,,,438,437,1,0,2,440,116,116,4965341,#ffffbf,2,11,2,Illumina,NCBI,undetermined,2,0,1,1,0,0,1,1,0,1,0,0,0,0,0,0,1,0,1,0,1
GCF_014353835.1,Pa39-3,Unknown,Other,Other,No_Plant,,No_plant,No_Plant,America,,,Scaffold,14353835,,,Pantoea,agglomerans,,,,43839,NCBI,Plant,Contig,n,,,,,438,437,1,0,2,440,112,112,5062259,#ffffbf,2,9,2,Illumina,NCBI,undetermined,2,0,1,0,0,0,1,1,0,1,0,0,0,0,0,0,1,0,1,0,0
GCF_014353845.1,E325-705,Unknown,No_Plant,No_Plant,No_Plant,,No_plant,No_Plant,America,,,Contig,14353845,,,Pantoea,agglomerans,,,,43839,NCBI,Plant,Contig,n,,,,,439,438,1,0,1,440,112,112,4697657,#ffffbf,2,10,1,Illumina,NCBI,undetermined,1,1,1,0,0,0,1,1,0,1,0,0,1,0,0,0,1,0,1,0,0
GCF_014353865.1,E325-699,Unknown,No_Plant,No_Plant,No_Plant,,No_plant,No_Plant,America,,,Contig,14353865,,,Pantoea,agglomerans,,,,43839,NCBI,Plant,Contig,n,,,,,438,437,1,1,1,440,96,96,4803804,#ffffbf,2,42,3,Illumina,NCBI,undetermined,3,0,1,0,0,0,1,1,0,1,0,0,0,0,0,0,1,0,1,0,0
GCF_014353895.1,E325,Unknown,No_Plant,No_Plant,No_Plant,,No_plant,No_Plant,America,,,Contig,14353895,,,Pantoea,agglomerans,,,,43839,NCBI,Plant,Contig,n,,,,,438,437,1,1,1,440,162,162,4786783,#ffffbf,2,11,5,Illumina,NCBI,undetermined,5,0,1,1,0,0,1,1,0,1,0,0,0,0,0,0,1,1,1,0,0
GCF_014353935.1,Pa39-27,Unknown,Other,Other,No_Plant,,No_plant,No_Plant,America,,,Scaffold,14353935,,,Pantoea,agglomerans,,,,43839,NCBI,Plant,Contig,n,,,,,438,437,1,0,2,440,124,124,4997394,#ffffbf,2,27,2,Illumina,NCBI,undetermined,2,0,1,0,0,0,1,1,0,1,0,0,1,0,0,0,1,0,1,0,0
GCF_014353945.1,E325-ad1,Unknown,No_Plant,No_Plant,No_Plant,,No_plant,No_Plant,America,,,Contig,14353945,,,Pantoea,agglomerans,,,,43839,NCBI,Plant,Contig,n,,,,,439,438,1,0,1,440,235,235,4708922,#ffffbf,2,10,4,Illumina,NCBI,undetermined,4,0,1,1,0,0,1,1,1,1,0,1,0,0,0,0,1,0,1,0,0
GCF_014353955.1,Pa39-23,Unknown,Other,Other,No_Plant,,No_plant,No_Plant,America,,,Scaffold,14353955,,,Pantoea,agglomerans,,,,43839,NCBI,Plant,Contig,n,,,,,438,437,1,0,2,440,100,100,5110724,#ffffbf,2,8,1,Illumina,NCBI,undetermined,1,0,1,0,0,0,1,1,0,1,0,0,1,0,0,0,1,0,1,0,0
GCF_014353995.1,E325-754,Unknown,No_Plant,No_Plant,No_Plant,,No_plant,No_Plant,America,,,Contig,14353995,,,Pantoea,agglomerans,,,,43839,NCBI,Plant,Contig,n,,,,,438,437,1,0,2,440,89,89,4801475,#ffffbf,2,25,2,Illumina,NCBI,undetermined,2,0,1,0,0,0,1,1,0,1,0,0,1,0,0,0,1,0,1,0,0
GCF_014354005.1,E325-750,Unknown,No_Plant,No_Plant,No_Plant,,No_plant,No_Plant,America,,,Contig,14354005,,,Pantoea,agglomerans,,,,43839,NCBI,Plant,Contig,n,,,,,439,438,1,0,1,440,108,108,4796980,#ffffbf,2,17,2,Illumina,NCBI,undetermined,2,1,1,0,0,0,1,1,0,1,0,0,1,0,0,0,1,0,1,0,0
GCF_014354035.1,E325-ad2,Unknown,No_Plant,No_Plant,No_Plant,,No_plant,No_Plant,America,,,Contig,14354035,,,Pantoea,agglomerans,,,,43839,NCBI,Plant,Contig,n,,,,,439,438,1,0,1,440,121,121,4691032,#ffffbf,2,10,3,Illumina,NCBI,undetermined,3,0,1,1,0,0,1,1,0,1,0,0,0,0,0,0,1,0,1,0,0
GCF_014354045.1,Pa39-21,Unknown,Other,Other,No_Plant,,No_plant,No_Plant,America,,,Scaffold,14354045,,,Pantoea,agglomerans,,,,43839,NCBI,Plant,Contig,n,,,,,438,437,1,0,2,440,200,200,5090347,#ffffbf,2,16,4,Illumina,NCBI,undetermined,4,0,1,1,0,0,1,1,0,1,0,0,0,0,0,0,1,0,1,0,0
GCF_014354055.1,Pa31-4,Unknown,Other,Other,No_Plant,,No_plant,No_Plant,America,,,Contig,14354055,,,Pantoea,agglomerans,,,,43839,NCBI,Plant,Contig,n,,,,,438,437,1,0,2,440,120,120,4991709,#ffffbf,2,14,9,Illumina,NCBI,undetermined,undetermined,0,1,1,0,0,1,1,0,1,0,0,0,0,0,0,1,0,1,0,0
GCF_014354065.1,Pa39-14,Unknown,Other,Other,No_Plant,,No_plant,No_Plant,America,,,Scaffold,14354065,,,Pantoea,agglomerans,,,,43839,NCBI,Plant,Contig,n,,,,,438,437,1,0,2,440,130,130,5151849,#ffffbf,2,12,1,Illumina,NCBI,undetermined,1,0,1,0,0,0,1,1,0,1,0,0,0,1,0,1,1,1,1,0,1
GCF_014354135.1,Pa21-15,Unknown,Other,Other,No_Plant,,No_plant,No_Plant,America,,,Scaffold,14354135,,,Pantoea,agglomerans,,,,43839,NCBI,Plant,Contig,n,,,,,438,437,1,0,2,440,133,133,4852497,#ffffbf,2,10,1,Illumina,NCBI,undetermined,1,0,1,0,0,0,1,1,0,1,0,0,0,0,0,0,1,1,1,0,0
GCF_014354145.1,Pa21-3,Unknown,Other,Other,No_Plant,,No_plant,No_Plant,America,,,Contig,14354145,,,Pantoea,agglomerans,,,,43839,NCBI,Plant,Contig,n,,,,,438,437,1,0,2,440,117,117,5079038,#ffffbf,2,25,1,Illumina,NCBI,undetermined,1,0,1,0,0,0,1,1,0,1,0,0,0,1,0,1,1,1,1,0,1
GCF_014354155.1,Pa21-5,Unknown,Other,Other,No_Plant,,No_plant,No_Plant,America,,,Contig,14354155,,,Pantoea,agglomerans,,,,43839,NCBI,Plant,Contig,n,,,,,438,437,1,0,2,440,134,134,4850057,#ffffbf,2,3,3,Illumina,NCBI,3,3,0,1,1,0,0,1,1,0,1,0,0,0,0,0,0,1,1,1,0,0
GCF_014354165.1,Pa21-13,Unknown,Other,Other,No_Plant,,No_plant,No_Plant,America,,,Contig,14354165,,,Pantoea,agglomerans,,,,43839,NCBI,Plant,Contig,n,,,,,438,437,1,0,2,440,76,76,4792898,#ffffbf,2,3,5,Illumina,NCBI,3,5,1,1,0,0,0,1,1,0,1,0,0,0,0,0,0,1,0,1,0,0
GCF_014354235.1,Pa17-5,Unknown,Other,Other,No_Plant,,No_plant,No_Plant,America,,,Contig,14354235,,,Pantoea,agglomerans,,,,43839,NCBI,Plant,Contig,n,,,,,438,437,1,0,2,440,138,138,4970051,#ffffbf,2,18,1,Illumina,NCBI,undetermined,1,0,1,0,0,0,1,1,0,1,0,0,0,0,0,0,1,1,1,0,1
GCF_014838815.1,Pa17-1,Unknown,Other,Other,No_Plant,,No_plant,No_Plant,America,,,Contig,14838815,,,Pantoea,agglomerans,,,,43839,NCBI,Plant,Contig,n,,,,,438,437,1,0,2,440,96,96,4829682,#ffffbf,2,12,6,Illumina,NCBI,undetermined,undetermined,0,1,1,0,0,1,1,0,0,0,0,0,0,0,0,1,1,1,1,0
GCF_014838905.1,CFBP8800,Plant,Phaseolus vulgaris,Fabaceae,Plant,,Plant,Plant,Europe,,,Contig,14838905,,,Pantoea,agglomerans,France,,,43871,NCBI,Plant,Contig,n,,,Bean/Rabish,,438,437,1,0,2,440,50,50,5117730,#2b83ba,1,7,3,Illumina,NCBI,7,3,0,1,0,0,0,1,1,0,1,0,0,0,0,0,0,1,0,1,0,1
GCF_014838975.1,CFBP8791,Plant,Phaseolus vulgaris,Fabaceae,Plant,,Plant,Plant,Europe,,,Contig,14838975,,,Pantoea,agglomerans,France,,,43871,NCBI,Plant,Contig,n,,,Bean/Rabish,,438,436,2,0,2,440,71,71,4905192,#ffffbf,2,12,11,Illumina,NCBI,undetermined,undetermined,0,1,0,0,0,1,1,0,1,0,0,0,0,0,0,1,0,1,1,0
GCF_014839015.1,CFBP8792,Plant,Raphanus sativus,Brassicaceae,Plant,,Plant,Plant,Europe,,,Contig,14839015,,,Pantoea,agglomerans,France,,,43871,NCBI,Plant,Contig,n,,,Bean/Rabish,,438,437,1,0,2,440,54,54,5239108,#2b83ba,1,9,4,Illumina,NCBI,9,4,0,1,0,0,0,1,1,0,1,0,0,0,0,0,0,1,1,1,0,1
GCF_014839085.2,CFBP8786,Plant,Phaseolus vulgaris,Fabaceae,Plant,,Plant,Plant,Europe,,,Contig,14839085,,,Pantoea,agglomerans,France,,,43871,NCBI,Plant,Contig,n,,,Bean/Rabish,,438,436,2,0,2,440,51,51,4928760,#abdda4,1,3,4,Illumina,NCBI,3,4,1,1,0,1,0,1,1,0,1,0,0,0,0,0,0,1,1,1,0,0
GCF_014839115.1,,Plant,Raphanus sativus,Brassicaceae,Flower,,Plant,Plant,America,,,,14839115,,,,,,,,,,,,,,,radish (Raphanus sativus) flower.,,438,436,2,0,2,440,4,4,5044125,#ffffbf,2,3,4,Illumina,NCBI,3,4,1,1,1,0,0,1,1,0,1,0,0,0,0,0,0,1,0,1,0,0
GCF_014839125.1,CFBP13569,Plant,Raphanus sativus,Brassicaceae,Plant,,Plant,Plant,Europe,,,Contig,14839125,,,Pantoea,agglomerans,France,,,43871,NCBI,Plant,Contig,n,,,Bean/Rabish,,438,437,1,0,2,440,36,36,4797171,#ffffbf,2,2,2,Illumina,NCBI,2,2,1,1,1,0,0,1,1,0,1,0,0,0,0,0,0,1,0,1,0,0
GCF_014839175.1,CFBP8784,Plant,Raphanus sativus,Brassicaceae,Plant,,Plant,Plant,Europe,,,Contig,14839175,,,Pantoea,agglomerans,France,,,43871,NCBI,Plant,Contig,n,,,Bean/Rabish,,438,437,1,0,2,440,32,32,4755237,#ffffbf,2,18,5,Illumina,NCBI,undetermined,5,0,1,1,0,0,1,1,0,1,0,1,0,0,0,0,1,1,1,1,0
GCF_014839205.2,CFBP8783,Plant,Raphanus sativus,Brassicaceae,Plant,,Plant,Plant,Europe,,,Contig,14839205,,,Pantoea,agglomerans,France,,,43871,NCBI,Plant,Contig,n,,,Bean/Rabish,,438,437,1,0,2,440,90,90,5124033,#2b83ba,1,4,2,Illumina,NCBI,4,2,1,1,0,1,1,1,1,0,1,0,0,0,0,0,0,1,1,1,0,1
GCF_014839265.1,,Plant,Brassicaceae,Brassicaceae,Seed,,Plant,Seed,America,,,,14839265,,,,,,,,,,,,,,,rapeseed (Brassicaceae) seed.,,438,436,2,0,2,440,5,5,5029763,#ffffbf,2,19,5,Illumina,NCBI,undetermined,5,0,1,0,0,0,1,1,0,1,0,0,0,0,0,0,1,0,1,1,0
GCF_014839315.1,CFBP13566,Plant,Raphanus sativus,Brassicaceae,Plant,,Plant,Plant,Europe,,,Contig,14839315,,,Pantoea,agglomerans,France,,,43871,NCBI,Plant,Contig,n,,,Bean/Rabish,,438,437,1,0,2,440,84,84,5123550,#2b83ba,1,8,3,Illumina,NCBI,8,3,0,1,0,0,1,1,1,0,1,0,0,0,0,0,0,1,1,1,0,1
GCF_014839325.1,CFBP13731,Plant,Phaseolus vulgaris,Fabaceae,Plant,,Plant,Plant,Europe,,,Contig,14839325,,,Pantoea,agglomerans,France,,,43871,NCBI,Plant,Contig,n,,,Bean/Rabish,,438,436,2,0,2,440,60,60,4984051,#ffffbf,2,23,27,Illumina,NCBI,undetermined,undetermined,0,1,0,0,0,1,1,0,1,0,0,0,0,0,0,1,0,1,1,0
GCF_014839425.1,CFBP13709,Plant,Raphanus sativus,Brassicaceae,Plant,,Plant,Plant,Europe,,,Contig,14839425,,,Pantoea,agglomerans,France,,,43871,NCBI,Plant,Contig,n,,,Bean/Rabish,,438,437,1,0,2,440,138,138,5248093,#ffffbf,2,2,1,Illumina,NCBI,2,1,0,1,0,0,0,1,1,0,1,0,0,0,0,0,0,1,0,1,0,1
GCF_014839525.2,CFBP13616,Plant,Raphanus sativus,Brassicaceae,Plant,,Plant,Plant,Europe,,,Contig,14839525,,,Pantoea,agglomerans,France,,,43871,NCBI,Plant,Contig,n,,,Bean/Rabish,,438,437,1,0,2,440,30,30,4780294,#2b83ba,1,3,3,Illumina,NCBI,3,3,1,1,0,1,0,1,1,0,1,0,0,0,0,0,0,1,0,1,1,1
GCF_014839545.1,,Plant,Phaseolus vulgaris,Fabaceae,Seed,,Plant,Seed,Europe,,,,14839545,,,,,,,,,,,,,,,bean (Phaseolus vulgaris) seed.,,438,436,2,0,2,440,4,4,5130088,#ffffbf,2,3,1,Illumina,NCBI,3,1,1,1,1,0,0,1,1,0,1,0,0,0,0,0,0,1,1,1,0,0
GCF_014841465.2,CFBP13583,Plant,Raphanus sativus,Brassicaceae,Plant,,Plant,Plant,Europe,,,Contig,14841465,,,Pantoea,agglomerans,France,,,43871,NCBI,Plant,Contig,n,,,Bean/Rabish,,438,437,1,0,2,440,34,34,4776328,#ffffbf,2,6,7,Illumina,NCBI,undetermined,undetermined,1,1,0,1,1,1,1,0,1,0,1,0,0,0,0,1,1,1,1,0
GCF_014842695.2,,Plant,Brassicaceae,Brassicaceae,Seed,,Plant,Seed,America,,,,14842695,,,,,,,,,,,,,,,rapeseed (Brassicaceae) seed.,,438,437,1,0,2,440,7,7,5464831,#ffffbf,2,4,2,Illumina,NCBI,4,2,1,1,0,1,0,1,1,0,1,0,0,0,0,0,0,1,1,1,0,0
GCF_015025115.1,,Plant,Phaseolus vulgaris,Fabaceae,Seed,,Plant,Seed,Europe,,,,15025115,,,,,,,,,,,,,,,bean (Phaseolus vulgaris) seed.,,438,437,1,0,2,440,5,5,4885829,#2b83ba,1,106,10,Illumina,NCBI,undetermined,10,0,1,0,0,0,1,1,0,0,0,0,0,0,0,0,1,0,1,0,1
GCF_015711555.1,R6,Unknown,No_Plant,No_Plant,No_Plant,,No_plant,No_Plant,Africa,,,Contig,15711555,,,Pantoea,agglomerans,,,,10/27/20,NCBI,Plant,Contig,n,,,,,431,429,2,6,3,440,339,339,4671676,#2b83ba,1,2,1,Illumina,NCBI,2,1,0,1,0,0,0,1,1,0,1,0,0,0,0,0,0,1,0,1,0,1
GCF_016925765.1,NC,Unknown,No_Plant,No_Plant,No_Plant,,No_plant,No_Plant,Asia,,,Scaffold,16925765,,,Pantoea,agglomerans,,,,43898,NCBI,Plant,Contig,n,,,,,437,435,2,1,2,440,21,23,4505360,#ffffbf,2,5,5,Illumina,NCBI,5,5,1,1,1,1,0,1,1,0,1,0,0,0,0,0,0,1,0,1,0,0
GCF_017315165.1,,Plant,Malus sp.,Rosaceae,Flower,,Plant,Plant,America,,,,17315165,,,,,usa,,,,,,,,,,flower stigma apple,,383,382,1,42,15,440,6,6,5095225,#2b83ba,1,12,0,Illumina,NCBI,undetermined,0,0,1,0,0,0,1,1,0,1,0,0,0,0,0,0,1,0,1,0,1
GCF_017348995.1,ANP8,Unknown,No_Plant,No_Plant,No_Plant,,No_plant,No_Plant,Asia,,,Scaffold,17348995,,,Pantoea,agglomerans,,,,44442,NCBI,Plant,Contig,n,,,,,437,435,2,2,1,440,1390,1392,5035017,#ffffbf,2,12,3,Illumina,NCBI,undetermined,3,0,1,1,0,0,1,1,0,1,0,0,0,0,0,0,1,1,1,0,1
GCF_017474165.1,MM2021_7,Unknown,No_Plant,No_Plant,No_Plant,,No_plant,No_Plant,Europe,,,Scaffold,17474165,,,Pantoea,agglomerans,,,,3/13/21,NCBI,Soil,Contig,n,,,,,439,438,1,0,1,440,56,57,4931425,#2b83ba,1,4,1,nanopore,NCBI,4,1,1,1,0,1,0,1,1,0,1,0,0,0,0,0,0,1,0,1,1,1
GCF_019969965.1,FDAARGOS 1447,Human,No_Plant,No_Plant,No_Plant,,No_plant,No_Plant,Europe,,NA,close,19969965,,,Pantoea,agglomerans,Germany,,no,,NCBI,Human,close,n,,,Human,,438,437,1,0,2,440,3,3,4692018,#ffffbf,2,5,2,Illumina,NCBI,5,2,0,1,0,0,0,1,1,0,1,0,0,0,0,0,0,1,1,1,0,0
GCF_019969975.1,OVA06A,Unknown,No_Plant,No_Plant,No_Plant,,No_plant,No_Plant,America,,,Contig,19969975,,,Pantoea,agglomerans,,,,9/14/21,NCBI,Plant,Contig,n,,,,,438,437,1,0,2,440,52,52,4852826,#ffffbf,2,2,2,Illumina,NCBI,2,2,1,1,1,0,0,1,1,0,1,0,0,0,0,0,0,1,0,1,0,0
GCF_020783495.1,,Plant,Unknown,Unknown,Plant,,Plant,Plant,America,,,,20783495,,,,,usa,,,,,,,,,,vegetal,,438,437,1,0,2,440,39,39,4786831,#ffffbf,2,2,2,nanopore,NCBI,2,2,1,1,1,1,0,1,1,0,1,0,0,0,0,0,0,1,1,1,0,0
GCF_021609925.1,ZJU23,Fungi,No_Plant,No_Plant,No_Plant,,No_plant,No_Plant,Asia,,NA,close,21609925,,,Pantoea,agglomerans,China,,no,,NCBI,Fungi,close,n,,,Fungi,,438,436,2,0,2,440,4,4,5061267,#ffffbf,2,4,2,nanopore,NCBI,4,2,1,1,1,1,0,1,1,0,1,0,0,0,0,0,0,1,1,1,0,0
GCF_022585235.1,PSV1-7,Unknown,No_Plant,No_Plant,No_Plant,,No_plant,No_Plant,America,,,close,22585235,,,Pantoea,agglomerans,,,,1/26/22,NCBI,Soil,close,n,,,,,438,437,1,0,2,440,5,5,5029167,#2b83ba,1,5,2,Illumina,NCBI,5,2,0,1,0,0,0,1,1,0,1,0,0,0,0,0,0,1,0,1,1,0
GCF_022966105.1,20TX0122,Unknown,No_Plant,No_Plant,No_Plant,,No_plant,No_Plant,America,,,Scaffold,22966105,,,Pantoea,agglomerans,,,,3/15/22,NCBI,Plant,Contig,n,,,,,438,436,2,0,2,440,49,54,5001150,#ffffbf,2,2,2,nanopore,NCBI,2,2,1,1,0,1,0,1,1,0,1,0,0,0,0,0,0,1,1,1,0,0
GCF_023508185.1,Pa58,Unknown,Other,Other,No_Plant,,No_plant,No_Plant,Asia,,,close,23508185,,,Pantoea,agglomerans,,,,4/13/22,NCBI,Fungi,close,n,,,,,438,429,9,0,2,440,3,3,4861200,#ffffbf,2,6,2,Illumina,NCBI,undetermined,2,1,1,1,0,0,1,1,0,1,0,0,0,0,0,0,1,1,1,0,0
GCF_023614195.1,ICMP 1087,Unknown,No_Plant,No_Plant,No_Plant,,No_plant,No_Plant,Oceania,,,Scaffold,23614195,,,Pantoea,agglomerans,,,,5/19/22,NCBI,Plant,Contig,n,,,,,438,434,4,0,2,440,329,339,4966867,#ffffbf,2,2,3,Illumina,NCBI,2,3,1,1,0,0,0,1,1,0,1,0,0,0,0,0,0,1,0,1,0,0
GCF_023676805.1,CCNPK 873,Unknown,No_Plant,No_Plant,No_Plant,,No_plant,No_Plant,Asia,,,Contig,23676805,,,Pantoea,agglomerans,,,,5/31/22,NCBI,Plant,Contig,n,,,,,438,437,1,0,2,440,16,16,4719627,#2b83ba,1,2,0,nanopore,NCBI,2,0,1,1,1,1,0,1,1,0,0,0,0,0,0,0,0,1,1,1,0,1
GCF_024520845.1,CPHN 2,Unknown,No_Plant,No_Plant,No_Plant,,No_plant,No_Plant,Asia,,,close,24520845,,,Pantoea,agglomerans,,,,44779,NCBI,Plant,close,n,,,,,438,437,1,0,2,440,3,498,4785020,#ffffbf,2,2,3,Illumina,NCBI,2,3,0,1,0,0,0,1,1,0,1,0,0,0,0,0,0,1,0,1,0,0
GCF_024520875.1,,Plant,Flaveria trinervia,Asteraceae,Leaf,,Plant,Plant,Europe,,,,24520875,,,,,germany,,,,,,,,,,Flaveria trinervia hoja,,438,437,1,0,2,440,146,157,4991653,#ffffbf,2,3,2,Illumina,NCBI,3,2,0,1,0,0,0,1,1,0,1,0,0,0,0,0,0,1,0,1,0,0
GCF_024520895.1,,Plant,Flaveria trinervia,Asteraceae,Plant,,Plant,Plant,Europe,,,,24520895,,,,,germany,,,,,,,,,,Flaveria trinervia,,438,437,1,0,2,440,70,81,4883045,#ffffbf,2,3,3,Illumina,NCBI,3,3,0,1,0,0,0,1,1,0,1,0,0,0,0,0,0,1,1,1,0,0
GCF_024799805.1,,Plant,Unknown,Unknown,Plant,,Plant,Plant,Europe,,,,24799805,,,,,germani,,,,,,,,,,unknown,,438,437,1,0,2,440,76,89,4803225,#ffffbf,2,3,1,Illumina,NCBI,3,1,1,1,0,1,0,1,1,0,1,0,0,0,0,0,0,1,0,1,0,0
GCF_025642855.1,,Plant,Juglans sp.,Juglandaceae,Leaf,,Plant,Plant,America,,,,25642855,,,,,,,,,,,,,,,leaves of diseased walnut trees,,438,437,1,0,2,440,4,4,4820607,#ffffbf,2,4,3,Illumina,NCBI,4,3,1,1,1,0,0,1,1,0,1,0,0,0,0,0,0,1,0,1,0,0
GCF_025642955.1,,Plant,Toxicodendron radicans,Anacardiaceae,Plant,,Plant,Plant,America,,,,25642955,,,,,,,,,,,,,,,Toxicodendron radicans,,438,437,1,0,2,440,31,31,4804109,#ffffbf,2,9,4,Illumina,NCBI,undetermined,4,0,1,1,0,0,1,1,0,1,0,0,0,0,0,0,1,0,1,0,0
GCF_025910055.1,,Plant,Toxicodendron radicans,Anacardiaceae,Plant,,Plant,Plant,America,,,,25910055,,,,,,,,,,,,,,,Toxicodendron radicans,,439,438,1,0,1,440,46,46,4955229,#ffffbf,2,3,3,Illumina,NCBI,3,3,0,1,0,0,0,1,1,0,1,0,0,0,0,0,0,1,0,1,0,0
GCF_025910075.1,,Plant,Medicago sativa,Medicago sativa,Seed,,Plant,Seed,America,,,,25910075,,,,,usa,,,,,,,,,,Medicago sativa seimlla,,438,437,1,0,2,440,39,39,4937563,#ffffbf,2,7,1,Illumina,NCBI,undetermined,1,0,1,0,0,0,1,1,0,0,0,0,0,0,0,0,1,1,1,0,1
GCF_026241965.1,,Plant,Medicago sativa,Fabaceae,Seedling,,Plant,Plant,America,,,,26241965,,,,,usa,,,,,,,,,,Medicago sativa germinada,,438,437,1,0,2,440,44,44,4798799,#ffffbf,2,4,3,Illumina,NCBI,4,3,0,1,0,0,0,1,1,0,1,0,0,0,0,0,0,1,1,1,0,0
GCF_026625085.1,,Plant,Allium sativum,Amaryllidaceae,Seed,,Plant,Seed,America,,,,26625085,,,,,,,,,,,,,,,Allium sativum,,439,438,1,0,1,440,28,28,4974910,#ffffbf,2,2,2,Illumina,NCBI,2,2,1,1,1,1,0,1,1,0,1,0,0,0,0,0,0,1,0,1,0,0
GCF_029016125.1,,Plant,Malus sp.,Rosaceae,Plant,,Plant,Plant,America,,,,29016125,,,,,,,,,,,,,,,Orchard,,438,437,1,0,2,440,3,3,4781164,#2b83ba,1,3,3,Illumina,NCBI,3,3,1,1,0,1,0,1,1,0,1,0,0,0,0,0,0,1,0,1,0,1
GCF_029623495.1,,Plant,Allium sativum,Amaryllidaceae,Seed,,Plant,Seed,America,,,,29623495,,,,,,,,,,,,,,,Allium cepa,,438,437,1,0,2,440,4,4,5048993,#fdae61,2,14,13,Illumina,NCBI,undetermined,undetermined,0,1,0,0,1,1,1,0,1,0,1,0,0,0,0,1,0,1,0,0
GCF_029838845.1,,Plant,Thuja occidentalis,Cupressaceae,Plant,,Plant,Plant,America,,,,29838845,,,,,,,,,,,,,,,Thuja occidentalis,,438,437,1,0,2,440,82,82,5215402,#2b83ba,1,3,2,Illumina,NCBI,3,2,0,1,1,0,0,1,1,0,1,0,0,0,0,0,0,1,1,1,0,1
GCF_030177195.1,,Environmental,No_Plant,No_Plant,No_Plant,,No_plant,No_Plant,Asia,,,,30177195,,,,,pakistan,,,,,,,,,,Environmental,,438,436,2,0,2,440,23,23,4816530,#ffffbf,2,5,3,Illumina,NCBI,5,3,1,1,0,1,0,1,1,0,1,0,0,0,0,0,0,1,0,1,0,0
GCF_030433795.1,,Plant,Brassicaceae,Brassicaceae,Seed,,Plant,Seed,America,,,,30433795,,,,,,,,,,,,,,,oilseed rape,,438,437,1,0,2,440,13,13,4977153,#ffffbf,2,3,1,Illumina,NCBI,3,1,0,1,0,0,0,1,1,0,0,0,0,0,0,0,0,1,0,1,0,1
GCF_030710645.1,,Plant,Fabaceae,Fabaceae,Leaf,,Plant,Plant,America,,,,30710645,,,,,,,,,,,,,,,"leaf sample 	Fabaceae",,438,437,1,0,2,440,56,56,4729284,#ffffbf,2,5,1,Illumina,NCBI,5,1,1,1,0,1,0,1,1,0,1,0,0,0,0,0,0,1,1,1,0,0
GCF_030812275.1,,Plant,Solanum tuberosum,Solanaceae,Bulb,,Plant,Plant,America,,,,30812275,,,,,,,,,,,,,,,Rotten Potato Tubers,,438,437,1,0,2,440,6,6,4927193,#ffffbf,2,3,2,Illumina,NCBI,3,2,1,1,0,0,0,1,1,0,1,0,0,0,0,0,0,1,1,1,0,0
GCF_030814785.1,,Unknown,No_Plant,No_Plant,No_Plant,,No_plant,No_Plant,Unknown,,,,30814785,,,,,,,,2023,,,,,,,,,438,437,1,0,2,440,21,21,4689879,#ffffbf,2,3,4,Illumina,NCBI,3,4,1,1,0,1,0,1,1,0,1,0,0,0,0,0,0,1,0,1,0,0
GCF_030815435.1,,Unknown,No_Plant,No_Plant,No_Plant,,No_plant,No_Plant,Unknown,,,,30815435,,,,,,,,2023,,,,,,,,,438,437,1,0,2,440,5,5,5168479,#ffffbf,2,5,3,Illumina,NCBI,5,3,0,1,0,0,0,1,1,0,1,0,0,0,0,0,0,1,1,1,0,0
GCF_030815835.1,,Plant,Unknown,Unknown,Plant,,Plant,Plant,America,,,,30815835,,,,,USA,,,,,,,,,,,,438,437,1,0,2,440,21,21,4784958,#ffffbf,2,3,2,Illumina,NCBI,3,2,1,1,0,1,0,1,1,0,1,0,0,0,0,0,0,1,0,1,0,1
GCF_031887785.1,,Plant,Unknown,Unknown,Plant,,Plant,Plant,America,,,,31887785,,,,,USA,,,,,,,,,,,,428,427,1,7,5,440,4,4,4918162,#2b83ba,1,4,2,Illumina,NCBI,4,2,1,1,0,1,1,1,1,0,1,0,0,0,0,0,0,1,0,1,1,0
GCF_031888365.1,,Plant,Allium sativum,Amaryllidaceae,Bulb,,Plant,Plant,Asia,,,,31888365,,,,,,,,,,,,,,,pathogenic on onions,,438,436,2,0,2,440,5,5,5095245,#2b83ba,1,3,1,Illumina,NCBI,3,1,1,1,0,1,1,1,1,0,1,0,0,0,0,0,0,1,0,1,0,1
GCF_031889005.1,,Plant,Allium sativum,Amaryllidaceae,Bulb,,Plant,Plant,Asia,,,,31889005,,,,,,,,,,,,,,,pathogenic on onions,,438,436,2,0,2,440,4,4,5157404,#ffffbf,2,4,3,Illumina,NCBI,4,3,1,1,1,1,0,1,1,0,1,0,0,0,0,0,0,1,1,1,0,0
GCF_031889605.1,,Plant,Rubus sp.,Rosaceae,Plant,,Plant,Plant,America,,,,31889605,,,,,,,,,,,,,,,Rubus,,438,437,1,0,2,440,5,5,5046058,#ffffbf,2,2,3,Illumina,NCBI,2,3,1,1,0,1,0,1,1,0,1,0,0,0,0,0,0,1,1,1,0,0
GCF_031889865.1,,Plant,Allium sativum,Amaryllidaceae,Bulb,,Plant,Plant,Asia,,,,31889865,,,,,,,,,,,,,,,non-pathogenic on onions,,438,437,1,0,2,440,4,4,4889272,#ffffbf,2,5,3,Illumina,NCBI,5,3,1,1,1,1,0,1,1,0,1,0,0,0,0,0,0,1,1,1,0,0
GCF_031890185.1,,Plant,Allium sativum,Amaryllidaceae,Bulb,,Plant,Plant,Asia,,,,31890185,,,,,,,,,,,,,,,non-pathogenic on onions,,438,437,1,0,2,440,7,7,5168010,#2b83ba,1,4,3,Illumina,NCBI,4,3,1,1,0,1,0,1,1,0,1,0,0,0,0,0,0,1,0,1,0,1
GCF_031890205.1,,Plant,Allium sativum,Amaryllidaceae,Bulb,,Plant,Plant,Asia,,,,31890205,,,,,,,,,,,,,,,pathogenic on onions,,438,436,2,0,2,440,5,5,5118957,#ffffbf,2,3,5,Illumina,NCBI,3,5,1,1,1,1,0,1,1,0,1,0,0,0,0,0,0,1,1,1,0,0
GCF_031890505.1,,Plant,Allium sativum,Amaryllidaceae,Bulb,,Plant,Plant,Asia,,,,31890505,,,,,,,,,,,,,,,non-pathogenic on onions,,438,437,1,0,2,440,4,4,4876921,#2b83ba,1,3,1,Illumina,NCBI,3,1,1,1,0,1,0,1,1,0,1,0,0,0,0,0,0,1,0,1,1,0
GCF_031890525.1,,Plant,Allium sativum,Amaryllidaceae,Bulb,,Plant,Plant,Asia,,,,31890525,,,,,,,,,,,,,,,pathogenic on onions,,438,436,2,0,2,440,4,4,4967622,#2b83ba,1,3,3,Illumina,NCBI,3,3,1,1,0,1,0,1,1,0,1,0,0,0,0,0,0,1,1,1,0,1
GCF_031891025.1,,Plant,Allium sativum,Amaryllidaceae,Bulb,,Plant,Plant,Asia,,,,31891025,,,,,,,,,,,,,,,non-pathogenic on onions,,438,436,2,0,2,440,4,4,4967919,#2b83ba,1,5,5,Illumina,NCBI,5,5,1,1,0,1,0,1,1,0,1,0,0,0,0,0,0,1,0,1,0,1
GCF_032200625.1,,Plant,Allium sativum,Amaryllidaceae,Bulb,,Plant,Plant,Asia,,,,32200625,,,,,,,,,,,,,,,pathogenic on onions,,438,436,2,0,2,440,6,6,5136510,#ffffbf,2,2,2,Illumina,NCBI,2,2,1,1,0,1,0,1,1,0,1,0,0,0,0,0,0,1,0,1,0,1
GCF_034044845.1,,Plant,Cucumis sativus,Cucurbitaceae,Plant,,Plant,Plant,America,,,,34044845,,,,,,,,,,,,,,,cucumber fermentation brine,,438,437,1,0,2,440,3,3,4870469,#ffffbf,2,5,2,Illumina,NCBI,5,2,0,1,1,0,0,1,1,0,1,0,0,0,0,0,0,1,1,1,0,0
GCF_034044915.1,,Plant,Phaseolus vulgaris,Fabaceae,Seedling,,Plant,Plant,Europe,,,,34044915,,,,,,,,,,,,,,,Phaseolus vulgaris seedling,,438,437,1,0,2,440,26,28,4766298,#ffffbf,2,2,3,Illumina,NCBI,2,3,0,1,1,0,0,1,1,0,1,0,0,0,0,0,0,1,0,1,0,0
GCF_034044955.1,,Plant,Phaseolus vulgaris,Fabaceae,Seedling,,Plant,Plant,Europe,,,,34044955,,,,,,,,,,,,,,,Phaseolus vulgaris seedling,,438,437,1,0,2,440,30,33,4810088,#ffffbf,2,2,1,Illumina,NCBI,2,1,0,1,0,0,0,1,1,0,1,0,0,0,0,0,0,1,0,1,0,0
GCF_034808485.1,,Plant,Phaseolus vulgaris,Fabaceae,Seedling,,Plant,Plant,Europe,,,,34808485,,,,,,,,,,,,,,,Phaseolus vulgaris seedling,,438,437,1,0,2,440,25,26,4725785,#ffffbf,2,3,2,Illumina,NCBI,3,2,0,1,1,0,0,1,1,0,1,0,0,0,0,0,0,1,1,1,0,0
GCF_034808565.1,,Plant,Spinacia oleracea,Amaranthaceae,Plant,,Plant,Plant,America,,,,34808565,,,,,,,,,,,,,,,packaged baby spinach,,438,437,1,0,2,440,87,87,4749313,#ffffbf,2,4,2,Illumina,NCBI,4,2,0,1,1,0,0,1,1,0,1,0,0,0,0,0,0,1,1,1,0,0
GCF_034808825.1,,Food,No_Plant,No_Plant,No_Plant,,No_plant,No_Plant,America,,,,34808825,,,,,,,,,,,,,,,food,,438,437,1,0,2,440,68,68,4744390,#ffffbf,2,9,5,Illumina,NCBI,undetermined,5,0,1,1,0,0,1,1,0,0,0,0,0,0,0,0,1,1,1,0,0
GCF_034808865.1,,Food,No_Plant,No_Plant,No_Plant,,No_plant,No_Plant,America,,,,34808865,,,,,,,,,,,,,,,food,,438,437,1,0,2,440,83,83,4932246,#ffffbf,2,3,6,Illumina,NCBI,3,undetermined,0,1,1,0,0,1,1,0,1,0,0,0,0,0,0,1,1,1,0,0
GCF_035582725.1,,Plant,Spinacia oleracea,Amaranthaceae,Plant,,Plant,Plant,America,,,,35582725,,,,,,,,,,,,,,,packaged baby spinach,,438,437,1,0,2,440,144,144,4958244,#ffffbf,2,3,1,Illumina,NCBI,3,1,1,1,0,1,0,1,1,0,1,0,0,0,0,0,0,1,1,1,0,0
GCF_036549535.1,,Plant,Sphagnum fuscum,Sphagnaceae,Plant,,Plant,Plant,America,,,,36549535,,,,,,,,,,,,,,,Sphagnum fuscum,,438,437,1,0,2,440,5,5,5021308,#ffffbf,2,2,2,Illumina,NCBI,2,2,1,1,0,1,0,1,1,0,1,0,0,0,0,0,0,1,1,1,0,0
GCF_036961635.1,,Water,No_Plant,No_Plant,No_Plant,,No_plant,No_Plant,America,,,,36961635,,,,,,,,,,,,,,,sea mug,,438,437,1,0,2,440,3,3,4768143,#ffffbf,2,9,3,Illumina,NCBI,undetermined,3,0,1,1,0,0,1,1,0,1,0,0,0,0,0,0,1,0,1,0,0
GCF_037151835.1,,Soil,No_Plant,No_Plant,No_Plant,,No_plant,No_Plant,America,,,,37151835,,,,,usa,,,,,,,,,,soil,,438,437,1,0,2,440,41,41,4761221,#ffffbf,2,5,2,Illumina,NCBI,5,2,0,1,1,0,0,1,1,0,1,0,0,0,0,0,0,1,0,1,0,0
GCF_037151955.1,,Water,No_Plant,No_Plant,No_Plant,,No_plant,No_Plant,America,,,,37151955,,,,,,,,,,,,,,,mosquito larval water,,438,437,1,0,2,440,56,56,4937041,#ffffbf,2,6,5,Illumina,NCBI,undetermined,5,0,1,1,0,0,1,1,0,1,0,0,0,0,0,0,1,0,1,0,0
GCF_037152265.1,,Water,No_Plant,No_Plant,No_Plant,,No_plant,No_Plant,America,,,,37152265,,,,,,,,,,,,,,,mosquito larval water,,438,437,1,0,2,440,57,57,5068934,#fdae61,2,2,2,Illumina,NCBI,2,2,0,1,0,0,0,1,1,0,1,0,0,0,0,0,0,1,0,1,0,0
GCF_037152335.1,,Water,No_Plant,No_Plant,No_Plant,,No_plant,No_Plant,America,,,,37152335,,,,,,,,,,,,,,,mosquito larval water,,438,436,2,0,2,440,62,62,4824484,#ffffbf,2,2,4,Illumina,NCBI,2,4,1,1,1,0,0,1,1,0,1,0,0,0,0,0,0,1,1,1,0,0
GCF_037152495.1,,Water,No_Plant,No_Plant,No_Plant,,No_plant,No_Plant,America,,,,37152495,,,,,,,,,,,,,,,mosquito larval water,,437,436,1,1,2,440,52,52,4884712,#ffffbf,2,2,5,Illumina,NCBI,2,5,0,1,0,0,0,1,1,0,1,0,0,0,0,0,0,1,1,1,0,0
GCF_037727885.1,,Water,No_Plant,No_Plant,No_Plant,,No_plant,No_Plant,America,,,,37727885,,,,,,,,,,,,,,,mosquito larval water,,438,437,1,0,2,440,54,54,4862563,#ffffbf,2,3,3,Illumina,NCBI,3,3,1,1,0,0,0,1,1,0,1,0,0,0,0,0,0,1,0,1,0,0
GCF_038116615.1,,Plant,Hordeum brevisubulatum,Poaceae,Plant,,Plant,Plant,Asia,,,,38116615,,,,,Turkey,,,,,,,,,,Hordeum brevisubulatum subsp. Violaceum Root,,438,437,1,0,2,440,17,17,4794802,#ffffbf,2,2,3,Illumina,NCBI,2,3,0,1,1,0,0,1,1,0,1,0,0,0,0,0,0,1,1,1,0,0
GCF_038657925.1,,Soil,No_Plant,No_Plant,No_Plant,,No_plant,No_Plant,Europe,,,,38657925,,,,,polonia,,,,,,,,,,Plantago lanceolata soil,,438,437,1,0,2,440,43,43,4817156,#ffffbf,2,2,2,Illumina,NCBI,2,2,1,1,0,1,0,1,1,0,1,0,0,0,0,0,0,1,0,1,0,1
GCF_039671245.1,,Plant,Nicotiana tabacum,Solanaceae,Plant,,Plant,Plant,Asia,,,,39671245,,,,,china,,,,,,,,,,hojas de tabaco,,438,437,1,0,2,440,3,3,4922873,#ffffbf,2,3,18,Illumina,NCBI,3,undetermined,1,1,0,1,1,1,1,0,1,0,0,0,0,0,0,1,1,1,0,0
GCF_039671255.1,,Plant,Rosaceae,Rosaceae,Plant,,Plant,Plant,America,,,,39671255,,,,,canada,,,1997,,,,,,,Crataegus monogyna leave,,438,437,1,0,2,440,29,48,4897527,#ffffbf,2,10,8,Illumina,NCBI,undetermined,undetermined,1,1,1,1,1,1,1,0,1,0,1,0,0,0,0,1,0,1,0,0
GCF_039671265.1,,Plant,Rosaceae,Rosaceae,Plant,,Plant,Plant,America,,,,39671265,,,,,canada,,,1997,,,,,,,Crataegus pinnatifida,,438,437,1,0,2,440,28,44,5204090,#ffffbf,2,11,4,Illumina,NCBI,undetermined,4,1,1,1,1,0,1,1,0,1,0,0,0,0,0,0,1,1,1,0,0
GCF_039671275.1,,Plant,Rosaceae,Rosaceae,Plant,,Plant,Plant,America,,,,39671275,,,,,canada,,,1997,,,,,,,Crataegus pinnatifida,,438,437,1,0,2,440,21,41,5201761,#ffffbf,2,9,2,Illumina,NCBI,undetermined,2,1,1,1,1,0,1,1,0,1,0,0,0,0,0,0,1,1,1,0,0
GCF_039671325.1,,Plant,Rosaceae,Rosaceae,Plant,,Plant,Plant,America,,,,39671325,,,,,canada,,,1997,,,,,,,Crataegus pinnatifida,,438,437,1,0,2,440,23,39,5085198,#ffffbf,2,5,4,Illumina,NCBI,5,4,1,1,1,1,1,1,1,0,1,0,0,0,0,0,0,1,1,1,0,0
GCF_039671345.1,,Plant,Rosaceae,Rosaceae,Plant,,Plant,Plant,America,,,,39671345,,,,,canada,,,1997,,,,,,,Crataegus pinnatifida,,438,437,1,0,2,440,13,27,5117288,#ffffbf,2,6,2,Illumina,NCBI,undetermined,2,1,1,0,1,0,1,1,0,1,0,0,0,0,0,0,1,1,1,0,1
GCF_039671355.1,,Plant,Rosaceae,Rosaceae,Plant,,Plant,Plant,America,,,,39671355,,,,,canada,,,1997,,,,,,,Crataegus pinnatifida,,438,437,1,0,2,440,15,29,4871596,#ffffbf,2,8,2,Illumina,NCBI,undetermined,2,1,1,1,1,0,1,1,0,1,0,0,0,0,0,0,1,0,1,0,0
GCF_039671365.1,,Plant,Rosaceae,Rosaceae,Plant,,Plant,Plant,America,,,,39671365,,,,,canada,,,1997,,,,,,,Crataegus pinnatifida,,438,437,1,0,2,440,24,43,4972705,#ffffbf,2,11,4,Illumina,NCBI,undetermined,4,1,1,0,1,0,1,1,0,1,0,0,0,0,0,0,1,1,1,0,0
GCF_039671375.1,,Plant,Rosaceae,Rosaceae,Plant,,Plant,Plant,America,,,,39671375,,,,,canada,,,1997,,,,,,,Crataegus pinnatifida,,438,437,1,0,2,440,24,39,5200073,#ffffbf,2,9,8,Illumina,NCBI,undetermined,undetermined,1,1,1,1,0,1,1,0,1,0,0,0,0,0,0,1,0,1,0,0
GCF_039671395.1,,Plant,Rosaceae,Rosaceae,Plant,,Plant,Plant,America,,,,39671395,,,,,canada,,,1997,,,,,,,Crataegus pinnatifida,,438,437,1,0,2,440,29,48,5121331,#ffffbf,2,4,1,Illumina,NCBI,4,1,1,1,1,1,0,1,1,0,1,0,0,0,0,0,0,1,1,1,0,0
GCF_039671445.1,,Plant,Rosaceae,Rosaceae,Plant,,Plant,Plant,America,,,,39671445,,,,,canada,,,1997,,,,,,,Crataegus pinnatifida,,438,437,1,0,2,440,11,31,5116385,#ffffbf,2,5,2,Illumina,NCBI,5,2,1,1,1,1,0,1,1,0,1,0,0,0,0,0,0,1,0,1,0,0
GCF_039671455.1,,Plant,Rosaceae,Rosaceae,Plant,,Plant,Plant,America,,,,39671455,,,,,canada,,,1997,,,,,,,Crataegus pinnatifida,,438,437,1,0,2,440,13,31,4911444,#ffffbf,2,3,2,Illumina,NCBI,3,2,1,1,0,1,0,1,1,0,1,0,0,0,0,0,0,1,1,1,0,0
GCF_039671475.1,,Plant,Rosaceae,Rosaceae,Plant,,Plant,Plant,America,,,,39671475,,,,,canada,,,1997,,,,,,,Crataegus pinnatifida,,438,437,1,0,2,440,9,23,4937985,#ffffbf,2,15,7,Illumina,NCBI,undetermined,undetermined,1,1,1,1,1,1,1,0,1,0,0,0,0,0,0,1,0,1,0,0
GCF_039671505.1,,Plant,Rubus sp.,Rosaceae,Plant,,Plant,Plant,America,,,,39671505,,,,,canada,,,1997,,,,,,,Rubus idaeus,,438,437,1,0,2,440,35,55,5342770,#ffffbf,2,7,3,Illumina,NCBI,undetermined,3,1,1,0,1,0,1,1,0,1,0,0,0,0,0,0,1,1,1,0,1
GCF_039671515.1,,Plant,Malus sp.,Rosaceae,Plant,,Plant,Plant,America,,,,39671515,,,,,canada,,,1997,,,,,,,Malus domestica,,438,437,1,0,2,440,15,28,4913204,#ffffbf,2,5,4,Illumina,NCBI,5,4,1,1,0,1,0,1,1,0,1,0,0,0,0,0,0,1,1,1,0,1
GCF_039671545.1,,Plant,Malus sp.,Rosaceae,Plant,,Plant,Plant,America,,,,39671545,,,,,canada,,,1997,,,,,,,Malus domestica,,438,437,1,0,2,440,14,30,4913457,#ffffbf,2,9,1,Illumina,NCBI,undetermined,1,1,1,0,1,0,1,1,0,1,0,0,0,0,0,0,1,1,1,0,1
GCF_039671555.1,,Plant,Malus sp.,Rosaceae,Plant,,Plant,Plant,America,,,,39671555,,,,,canada,,,1997,,,,,,,Malus domestica,,438,437,1,0,2,440,18,31,4922767,#ffffbf,2,7,4,Illumina,NCBI,undetermined,4,1,1,0,1,0,1,1,0,1,0,0,0,0,0,0,1,1,1,0,1
GCF_039671575.1,,Plant,Malus sp.,Rosaceae,Plant,,Plant,Plant,America,,,,39671575,,,,,canada,,,1997,,,,,,,Malus domestica,,438,437,1,0,2,440,16,30,4913453,#ffffbf,2,3,2,Illumina,NCBI,3,2,1,1,1,1,0,1,1,0,1,0,0,0,0,0,0,1,1,1,0,0
GCF_039671605.1,,Plant,Rosaceae,Rosaceae,Plant,,Plant,Plant,America,,,,39671605,,,,,canada,,,1997,,,,,,,Rosaceae 'Rowancroft Coral Pink',,438,437,1,0,2,440,11,24,4738237,#ffffbf,2,6,4,Illumina,NCBI,undetermined,4,1,1,0,1,0,1,1,0,1,0,0,0,0,0,0,1,1,1,0,1
GCF_039671625.1,,Plant,Malus sp.,Rosaceae,Plant,,Plant,Plant,America,,,,39671625,,,,,canada,,,1997,,,,,,,Malus domestica,,438,437,1,0,2,440,14,31,4913486,#ffffbf,2,7,5,Illumina,NCBI,undetermined,5,1,1,1,1,0,1,1,0,1,0,0,0,0,0,0,1,0,1,0,1
GCF_039671635.1,,Plant,Rosaceae,Rosaceae,Plant,,Plant,Plant,America,,,,39671635,,,,,canada,,,1997,,,,,,,Rosaceae 'Rowancroft Coral Pink',,438,437,1,0,2,440,16,34,5076611,#ffffbf,2,3,5,Illumina,NCBI,3,5,1,1,1,1,0,1,1,0,1,0,0,0,0,0,0,1,1,1,0,0
GCF_039671645.1,,Plant,Rosaceae,Rosaceae,Plant,,Plant,Plant,America,,,,39671645,,,,,canada,,,1997,,,,,,,Crataegus monogyna,,438,437,1,0,2,440,12,28,4986280,#ffffbf,2,5,2,Illumina,NCBI,5,2,1,1,1,1,0,1,1,0,1,0,0,0,0,0,0,1,0,1,0,0
GCF_039671655.1,,Plant,Rubus sp.,Rosaceae,Plant,,Plant,Plant,America,,,,39671655,,,,,canada,,,1997,,,,,,,Rubus idaeus,,438,437,1,0,2,440,13,28,4910947,#ffffbf,2,12,9,Illumina,NCBI,undetermined,undetermined,1,1,1,1,1,1,1,0,1,0,0,0,0,0,0,1,0,1,0,0
GCF_039671705.1,,Plant,Rosaceae,Rosaceae,Plant,,Plant,Plant,America,,,,39671705,,,,,canada,,,1997,,,,,,,Crataegus monogyna,,438,437,1,0,2,440,40,62,5310801,#ffffbf,2,4,2,Illumina,NCBI,4,2,1,1,1,1,0,1,1,0,1,0,0,0,0,0,0,1,0,1,0,0
GCF_039671725.1,,Plant,Rosaceae,Rosaceae,Plant,,Plant,Plant,America,,,,39671725,,,,,canada,,,1997,,,,,,,Rosaceae,,438,437,1,0,2,440,12,26,5029421,#ffffbf,2,17,3,Illumina,NCBI,undetermined,3,1,1,0,1,0,1,1,0,1,0,0,0,0,0,0,1,1,1,0,0
GCF_039671745.1,,Plant,Rosaceae,Rosaceae,Plant,,Plant,Plant,America,,,,39671745,,,,,canada,,,1997,,,,,,,Rosaceae,,438,437,1,0,2,440,42,56,5041576,#ffffbf,2,6,4,Illumina,NCBI,undetermined,4,1,1,1,1,0,1,1,1,1,0,1,0,0,0,0,1,0,1,0,0
GCF_039671755.1,,Plant,Rosaceae,Rosaceae,Plant,,Plant,Plant,America,,,,39671755,,,,,canada,,,1997,,,,,,,Rosaceae,,438,437,1,0,2,440,14,30,5090935,#ffffbf,2,3,4,Illumina,NCBI,3,4,1,1,1,1,0,1,1,0,1,0,0,0,0,0,0,1,0,1,0,0
GCF_039671785.1,,Plant,Rosaceae,Rosaceae,Plant,,Plant,Plant,America,,,,39671785,,,,,canada,,,1997,,,,,,,Rosaceae,,438,437,1,0,2,440,16,36,5048676,#ffffbf,2,8,0,Illumina,NCBI,undetermined,0,1,1,0,1,0,1,1,0,1,0,0,0,0,0,0,1,1,1,0,1
GCF_039671805.1,,Plant,Malus sp.,Rosaceae,Plant,,Plant,Plant,America,,,,39671805,,,,,canada,,,1997,,,,,,,Malus domestica,,438,437,1,0,2,440,27,48,4895426,#ffffbf,2,3,2,Illumina,NCBI,3,2,1,1,1,1,0,1,1,0,1,0,0,0,0,0,0,1,1,1,0,0
GCF_039671815.1,,Plant,Rosaceae,Rosaceae,Plant,,Plant,Plant,America,,,,39671815,,,,,canada,,,1997,,,,,,,Rosaceae 'Rowancroft Coral Pink',,438,437,1,0,2,440,8,19,4738359,#ffffbf,2,3,2,Illumina,NCBI,3,2,1,1,1,1,0,1,1,0,1,0,0,0,0,0,0,1,1,1,0,0
GCF_039671825.1,,Plant,Rosaceae,Rosaceae,Plant,,Plant,Plant,America,,,,39671825,,,,,canada,,,1997,,,,,,,Rosaceae 'Rowancroft Coral Pink',,438,437,1,0,2,440,9,20,4738324,#ffffbf,2,6,2,Illumina,NCBI,undetermined,2,1,1,1,1,0,1,1,0,1,0,0,0,0,0,0,1,1,1,0,0
GCF_039671855.1,,Plant,Rosaceae,Rosaceae,Plant,,Plant,Plant,America,,,,39671855,,,,,canada,,,1997,,,,,,,Crataegus monogyna,,438,437,1,0,2,440,18,38,4989744,#ffffbf,2,9,1,Illumina,NCBI,undetermined,1,1,1,0,1,0,1,1,0,1,0,0,0,0,0,0,1,1,1,0,1
GCF_039671885.1,,Plant,Malus sp.,Rosaceae,Plant,,Plant,Plant,America,,,,39671885,,,,,canada,,,1997,,,,,,,Malus domestica,,438,437,1,0,2,440,17,34,4923277,#ffffbf,2,10,1,Illumina,NCBI,undetermined,1,1,1,0,1,0,1,1,0,1,0,0,0,0,0,0,1,1,1,0,1
GCF_039671905.1,,Plant,Malus sp.,Rosaceae,Plant,,Plant,Plant,America,,,,39671905,,,,,canada,,,1997,,,,,,,Malus domestica,,438,437,1,0,2,440,21,35,4923640,#ffffbf,2,6,0,Illumina,NCBI,undetermined,0,1,1,0,1,1,1,1,0,1,1,0,0,0,0,0,1,1,1,0,1
GCF_039671925.1,,Plant,Malus sp.,Rosaceae,Plant,,Plant,Plant,America,,,,39671925,,,,,canada,,,1997,,,,,,,Malus domestica,,438,437,1,0,2,440,22,43,4852240,#ffffbf,2,8,4,Illumina,NCBI,undetermined,4,1,1,1,1,0,1,1,0,1,0,0,0,0,0,0,1,1,1,0,0
GCF_039671945.1,,Plant,Rosaceae,Rosaceae,Plant,,Plant,Plant,America,,,,39671945,,,,,canada,,,1997,,,,,,,Rosaceae,,438,437,1,0,2,440,17,34,4960804,#ffffbf,2,28,2,Illumina,NCBI,undetermined,2,1,1,0,1,0,1,1,0,1,0,0,0,0,0,0,1,1,1,0,0
GCF_039671955.1,,Plant,Malus sp.,Rosaceae,Plant,,Plant,Plant,America,,,,39671955,,,,,canada,,,1997,,,,,,,Malus domestica 'Egremont Russet',,438,437,1,0,2,440,55,72,5147932,#ffffbf,2,5,0,Illumina,NCBI,5,0,1,1,0,1,0,1,1,0,1,0,0,0,0,0,0,1,0,1,0,0
GCF_039671975.1,,Plant,Rosaceae,Rosaceae,Plant,,Plant,Plant,America,,,,39671975,,,,,canada,,,1997,,,,,,,Rosaceae,,438,437,1,0,2,440,24,49,4870609,#ffffbf,2,8,3,Illumina,NCBI,undetermined,3,1,1,0,1,0,1,1,0,1,0,0,0,0,0,0,1,1,1,0,1
GCF_039671985.1,,Plant,Malus sp.,Rosaceae,Plant,,Plant,Plant,America,,,,39671985,,,,,canada,,,1997,,,,,,,Malus domestica,,438,437,1,0,2,440,15,31,4906478,#ffffbf,2,8,3,Illumina,NCBI,undetermined,3,1,1,1,1,0,1,1,0,1,0,0,0,0,0,0,1,0,1,0,1
GCF_039672015.1,,Plant,Malus sp.,Rosaceae,Plant,,Plant,Plant,America,,,,39672015,,,,,canada,,,1997,,,,,,,Malus sp.,,438,437,1,0,2,440,21,41,5044342,#ffffbf,2,3,1,Illumina,NCBI,3,1,1,1,0,1,0,1,1,0,1,0,0,0,0,0,0,1,0,1,0,0
GCF_039672045.1,,Plant,Rosaceae,Rosaceae,Plant,,Plant,Plant,America,,,,39672045,,,,,canada,,,1997,,,,,,,Rosaceae,,438,437,1,0,2,440,7,25,4916450,#ffffbf,2,5,0,Illumina,NCBI,5,0,1,1,1,1,0,1,1,0,1,0,0,0,0,0,0,1,0,1,0,0
GCF_039672065.1,,Plant,Rosaceae,Rosaceae,Plant,,Plant,Plant,America,,,,39672065,,,,,canada,,,1997,,,,,,,Rosaceae,,438,437,1,0,2,440,11,30,4952948,#ffffbf,2,3,2,Illumina,NCBI,3,2,1,1,1,1,0,1,1,0,1,0,0,0,0,0,0,1,1,1,0,0
GCF_039672075.1,,Plant,Rosaceae,Rosaceae,Plant,,Plant,Plant,America,,,,39672075,,,,,canada,,,1997,,,,,,,Rosaceae 'Rowancroft Coral Pink',,438,437,1,0,2,440,9,21,4737925,#ffffbf,2,3,2,Illumina,NCBI,3,2,1,1,1,1,0,1,1,0,1,0,0,0,0,0,0,1,1,1,0,0
GCF_039672095.1,,Plant,Rosaceae,Rosaceae,Plant,,Plant,Plant,America,,,,39672095,,,,,canada,,,1997,,,,,,,Rosaceae 'Rowancroft Coral Pink',,438,437,1,0,2,440,9,22,4738578,#ffffbf,2,3,2,Illumina,NCBI,3,2,1,1,0,1,0,1,1,0,1,0,0,0,0,0,0,1,0,1,0,0
GCF_039672115.1,,Plant,Malus sp.,Rosaceae,Plant,,Plant,Plant,America,,,,39672115,,,,,canada,,,1997,,,,,,,Malus domestica 'Gala',,438,437,1,0,2,440,9,24,4837860,#ffffbf,2,9,4,Illumina,NCBI,undetermined,4,1,1,1,1,0,1,1,0,1,0,0,0,0,0,0,1,0,1,0,0
GCF_039672125.1,,Plant,Malus sp.,Rosaceae,Plant,,Plant,Plant,America,,,,39672125,,,,,canada,,,1997,,,,,,,Malus domestica,,438,437,1,0,2,440,22,38,5023239,#ffffbf,2,3,3,Illumina,NCBI,3,3,1,1,1,1,0,1,1,0,1,0,0,0,0,0,0,1,1,1,0,0
GCF_039672165.1,,Plant,Unknown,Unknown,Plant,,Plant,Plant,America,,,,39672165,,,,,canada,,,1997,,,,,,,unknown,,438,437,1,0,2,440,14,26,4924754,#ffffbf,2,3,1,Illumina,NCBI,3,1,1,1,0,1,0,1,1,0,1,0,0,0,1,0,1,1,1,1,0,1
GCF_039672185.1,,Plant,Rosaceae,Rosaceae,Plant,,Plant,Plant,America,,,,39672185,,,,,canada,,,1997,,,,,,,Rosaceae,,438,437,1,0,2,440,13,34,4831859,#ffffbf,2,5,0,Illumina,NCBI,5,0,0,1,0,1,0,1,1,0,1,0,0,0,0,0,0,1,0,1,0,1
GCF_039672195.1,,Plant,Rosaceae,Rosaceae,Plant,,Plant,Plant,America,,,,39672195,,,,,canada,,,1997,,,,,,,Rosaceae 'Clapp's Favorite',,438,437,1,0,2,440,12,30,4798939,#ffffbf,2,5,0,Illumina,NCBI,5,0,1,1,0,1,0,1,1,0,1,0,0,0,0,0,0,1,1,1,0,0
GCF_039672205.1,,Plant,Rosaceae,Rosaceae,Plant,,Plant,Plant,America,,,,39672205,,,,,canada,,,1997,,,,,,,Rosaceae 'Clapp's Favorite',,438,437,1,0,2,440,26,47,5008547,#ffffbf,2,2,2,Illumina,NCBI,2,2,0,1,0,1,0,1,1,0,1,0,0,0,0,0,0,1,1,1,0,0
GCF_039672235.1,,Plant,Rosaceae,Rosaceae,Plant,,Plant,Plant,America,,,,39672235,,,,,canada,,,1997,,,,,,,Rosaceae 'Clapp's Favorite',,438,437,1,0,2,440,12,25,4703659,#ffffbf,2,4,5,Illumina,NCBI,4,5,1,1,0,1,0,1,1,0,1,0,0,0,0,0,0,1,0,1,0,0
GCF_039672265.1,,Plant,Rosaceae,Rosaceae,Plant,,Plant,Plant,America,,,,39672265,,,,,canada,,,1997,,,,,,,Rosaceae,,438,437,1,0,2,440,14,30,4930314,#ffffbf,2,3,2,Illumina,NCBI,3,2,1,1,0,1,0,1,1,0,1,0,0,0,0,0,0,1,1,1,0,1
GCF_039672275.1,,Plant,Rosaceae,Rosaceae,Plant,,Plant,Plant,America,,,,39672275,,,,,canada,,,1997,,,,,,,Rosaceae,,438,437,1,0,2,440,10,27,4820308,#ffffbf,2,2,3,Illumina,NCBI,2,3,1,1,1,1,0,1,1,0,1,0,0,0,0,0,0,1,0,1,0,1
GCF_039672285.1,,Plant,Rosaceae,Rosaceae,Plant,,Plant,Plant,America,,,,39672285,,,,,canada,,,1997,,,,,,,Rosaceae,,438,437,1,0,2,440,12,27,4775429,#ffffbf,2,3,3,Illumina,NCBI,3,3,1,1,1,1,0,1,1,0,1,0,0,0,0,0,0,1,1,1,0,0
GCF_039672295.1,,Plant,Rosaceae,Rosaceae,Plant,,Plant,Plant,America,,,,39672295,,,,,canada,,,1997,,,,,,,Rosaceae,,438,437,1,0,2,440,11,28,4777071,#ffffbf,2,2,3,Illumina,NCBI,2,3,1,1,1,1,0,1,1,0,1,0,0,0,0,0,0,1,0,1,0,1
GCF_039672335.1,,Plant,Rosaceae,Rosaceae,Plant,,Plant,Plant,America,,,,39672335,,,,,canada,,,1997,,,,,,,Rosaceae,,438,437,1,0,2,440,11,26,4775104,#ffffbf,2,7,1,Illumina,NCBI,undetermined,1,1,1,0,1,0,1,1,0,1,0,0,0,0,0,0,1,1,1,0,0
GCF_039672365.1,,Plant,Rosaceae,Rosaceae,Plant,,Plant,Plant,America,,,,39672365,,,,,canada,,,1997,,,,,,,Rosaceae,,438,437,1,0,2,440,23,48,5056797,#ffffbf,2,5,1,Illumina,NCBI,5,1,1,1,1,1,0,1,1,0,1,0,0,0,0,0,0,1,1,1,0,0
GCF_039672395.1,,Plant,Rosaceae,Rosaceae,Plant,,Plant,Plant,America,,,,39672395,,,,,canada,,,1997,,,,,,,Rosaceae,,438,437,1,0,2,440,13,29,5015122,#ffffbf,2,7,4,Illumina,NCBI,undetermined,4,1,1,1,1,0,1,1,0,1,0,0,0,0,0,0,1,0,1,0,0
GCF_039672415.1,,Plant,Malus sp.,Rosaceae,Plant,,Plant,Plant,America,,,,39672415,,,,,canada,,,1997,,,,,,,Malus domestica 'Egremont Russet',,438,437,1,0,2,440,20,38,5082569,#ffffbf,2,3,2,Illumina,NCBI,3,2,1,1,1,1,0,1,1,0,1,0,0,0,0,0,0,1,0,1,0,0
GCF_039672445.1,,Plant,Malus sp.,Rosaceae,Plant,,Plant,Plant,America,,,,39672445,,,,,canada,,,1997,,,,,,,Malus domestica 'Egremont Russet',,438,437,1,0,2,440,11,25,4971316,#ffffbf,2,2,3,Illumina,NCBI,2,3,1,1,1,1,0,1,1,0,1,0,0,0,0,0,0,1,1,1,0,0
GCF_039672455.1,,Plant,Rosaceae,Rosaceae,Plant,,Plant,Plant,America,,,,39672455,,,,,canada,,,1997,,,,,,,Rosaceae,,438,437,1,0,2,440,14,33,4777072,#ffffbf,2,6,1,Illumina,NCBI,undetermined,1,1,1,0,1,0,1,1,0,1,0,0,0,0,0,0,1,0,1,0,0
GCF_039672495.1,,Plant,Rosaceae,Rosaceae,Plant,,Plant,Plant,America,,,,39672495,,,,,canada,,,1997,,,,,,,Rosaceae,,438,437,1,0,2,440,17,33,4858627,#ffffbf,2,6,2,Illumina,NCBI,undetermined,2,1,1,1,1,0,1,1,0,1,0,0,0,0,0,0,1,1,1,0,0
GCF_039672505.1,,Plant,Rosaceae,Rosaceae,Plant,,Plant,Plant,America,,,,39672505,,,,,canada,,,1997,,,,,,,Crataegus monogyna,,438,437,1,0,2,440,17,37,4989609,#ffffbf,2,46,3,Illumina,NCBI,undetermined,3,1,1,1,1,0,1,1,0,1,0,0,0,1,0,1,1,1,1,1,0
GCF_039672515.1,,Plant,Malus sp.,Rosaceae,Plant,,Plant,Plant,America,,,,39672515,,,,,canada,,,1997,,,,,,,Malus,,437,436,1,1,2,440,129,194,5749937,#ffffbf,2,3,2,Illumina,NCBI,3,2,1,1,0,1,0,1,1,0,1,0,0,0,0,0,0,1,1,1,0,0
GCF_039672605.1,,Plant,Rosaceae,Rosaceae,Plant,,Plant,Plant,America,,,,39672605,,,,,canada,,,1997,,,,,,,Crataegus pinnatifida,,438,437,1,0,2,440,12,26,4938503,#ffffbf,2,3,5,Illumina,NCBI,3,5,1,1,1,1,0,1,1,0,1,0,0,0,0,0,0,1,1,1,0,0
GCF_039672625.1,,Plant,Rosaceae,Rosaceae,Plant,,Plant,Plant,America,,,,39672625,,,,,canada,,,1997,,,,,,,Rosaceae var. lucidus,,438,437,1,0,2,440,11,30,4986545,#ffffbf,2,3,1,Illumina,NCBI,3,1,1,1,0,1,0,1,1,0,1,0,0,0,1,0,1,1,1,1,0,1
GCF_039672705.1,,Plant,Rosaceae,Rosaceae,Plant,,Plant,Plant,America,,,,39672705,,,,,canada,,,1997,,,,,,,Rosaceae,,438,437,1,0,2,440,11,31,4831733,#ffffbf,2,3,1,Illumina,NCBI,3,1,1,1,0,1,0,1,1,0,1,0,0,0,0,0,0,1,1,1,0,1
GCF_039672725.1,,Plant,Rosaceae,Rosaceae,Plant,,Plant,Plant,America,,,,39672725,,,,,canada,,,1997,,,,,,,Rosaceae,,438,437,1,0,2,440,12,30,4832409,#ffffbf,2,2,1,Illumina,NCBI,2,1,1,1,0,0,0,1,1,0,1,0,0,0,0,0,0,1,1,1,0,1
GCF_039672735.1,,Plant,Rosaceae,Rosaceae,Plant,,Plant,Plant,America,,,,39672735,,,,,canada,,,1997,,,,,,,Rosaceae,,438,437,1,0,2,440,16,33,4833056,#ffffbf,2,4,19,Illumina,NCBI,4,undetermined,1,1,0,1,1,1,1,0,1,0,0,0,0,0,0,1,1,1,0,0
GCF_039672755.1,,Plant,Malus sp.,Rosaceae,Plant,,Plant,Plant,America,,,,39672755,,,,,canada,,,1997,,,,,,,Malus transitoria,,438,437,1,0,2,440,36,55,4899748,#ffffbf,2,7,4,Illumina,NCBI,undetermined,4,1,1,1,1,0,1,1,0,1,0,0,0,0,0,0,1,1,1,0,0
GCF_039672795.1,,Plant,Malus sp.,Rosaceae,Plant,,Plant,Plant,America,,,,39672795,,,,,canada,,,1997,,,,,,,Malus floribunda,,438,437,1,0,2,440,16,33,4961037,#ffffbf,2,5,0,Illumina,NCBI,5,0,1,1,1,1,0,1,1,0,1,0,0,0,0,0,0,1,0,1,0,0
GCF_039675365.1,,Plant,Rosaceae,Rosaceae,Plant,,Plant,Plant,America,,,,39675365,,,,,canada,,,1997,,,,,,,Rosaceae,,438,437,1,0,2,440,10,27,4952380,#ffffbf,2,9,2,Illumina,NCBI,undetermined,2,1,1,1,1,0,1,1,0,1,0,0,0,0,0,0,1,1,1,0,0
GCF_039675385.1,,Plant,Malus sp.,Rosaceae,Plant,,Plant,Plant,America,,,,39675385,,,,,canada,,,1997,,,,,,,Malus halliana,,438,437,1,0,2,440,22,39,5084712,#ffffbf,2,3,2,Illumina,NCBI,3,2,1,1,1,1,0,1,1,0,1,0,0,0,0,0,0,1,1,1,0,0
GCF_039675405.1,,Plant,Rosaceae,Rosaceae,Plant,,Plant,Plant,America,,,,39675405,,,,,canada,,,1997,,,,,,,Rosaceae 'Rowancroft Coral Pink',,438,437,1,0,2,440,11,21,4738339,#ffffbf,2,2,1,Illumina,NCBI,2,1,1,1,0,1,0,1,1,0,1,0,0,0,0,0,0,1,1,1,0,1
GCF_039675425.1,,Plant,Rosaceae,Rosaceae,Plant,,Plant,Plant,America,,,,39675425,,,,,canada,,,1997,,,,,,,Rosaceae,,438,437,1,0,2,440,13,29,4656737,#ffffbf,2,3,2,Illumina,NCBI,3,2,1,1,0,1,0,1,1,0,1,0,0,0,0,0,0,1,0,1,0,0
GCF_039675485.1,,Plant,Malus sp.,Rosaceae,Plant,,Plant,Plant,America,,,,39675485,,,,,canaada,,,1997,,,,,,,apple,,438,437,1,0,2,440,10,28,4838884,#ffffbf,2,9,4,Illumina,NCBI,undetermined,4,1,1,1,1,0,1,1,0,1,0,0,0,0,0,0,1,0,1,0,0
GCF_039675505.1,,Plant,Rosaceae,Rosaceae,Plant,,Plant,Plant,America,,,,39675505,,,,,canada,,,1997,,,,,,,Rosaceae,,438,437,1,0,2,440,20,37,5023056,#ffffbf,2,2,1,Illumina,NCBI,2,1,1,1,0,0,0,1,1,0,1,0,1,0,0,0,0,1,1,1,0,1
GCF_039675745.1,,Plant,Rosaceae,Rosaceae,Plant,,Plant,Plant,America,,,,39675745,,,,,canada,,,1997,,,,,,,Rosaceae,,438,437,1,0,2,440,12,31,4763024,#ffffbf,2,3,1,Illumina,NCBI,3,1,1,1,0,1,0,1,1,0,1,0,0,0,1,0,1,1,1,1,0,1
GCF_039675765.1,,Plant,Rosaceae,Rosaceae,Plant,,Plant,Plant,America,,,,39675765,,,,,canada,,,1997,,,,,,,Rosaceae,,438,437,1,0,2,440,12,35,4832757,#ffffbf,2,3,3,Illumina,NCBI,3,3,1,1,1,1,0,1,1,0,1,0,0,0,0,0,0,1,1,1,0,0
GCF_039675785.1,,Plant,Unknown,Unknown,Plant,,Plant,Plant,Unknown,,,,39675785,,,,,,,,,,,,,,,planta,,438,437,1,0,2,440,15,26,4924850,#ffffbf,2,5,1,Illumina,NCBI,5,1,1,1,0,1,0,1,1,0,1,0,0,0,1,0,1,1,1,1,0,1
GCF_039675805.1,,Plant,Rosaceae,Rosaceae,Plant,,Plant,Plant,America,,,,39675805,,,,,canada,,,1997,,,,,,,Rosaceae,,438,437,1,0,2,440,16,40,4846176,#ffffbf,2,8,4,Illumina,NCBI,undetermined,4,1,1,1,1,0,1,1,0,1,0,0,0,0,0,0,1,0,1,0,0
GCF_039675815.1,,Plant,Malus sp.,Rosaceae,Plant,,Plant,Plant,America,,,,39675815,,,,,canaada,,,1997,,,,,,,apple,,438,437,1,0,2,440,18,32,5022637,#ffffbf,2,2,2,Illumina,NCBI,2,2,1,1,1,1,0,1,1,0,1,0,0,0,0,0,0,1,1,1,0,0
GCF_040547385.1,,Plant,Rosaceae,Rosaceae,Plant,,Plant,Plant,America,,,,40547385,,,,,canada,,,1997,,,,,,,Rosaceae,,438,437,1,0,2,440,9,26,4834160,#ffffbf,2,5,2,Illumina,NCBI,5,2,1,1,0,0,0,1,1,0,1,0,0,0,0,0,0,1,0,1,0,0
GCF_040547405.1,,Plant,Unknown,Unknown,Plant,,Plant,Plant,America,,,,40547405,,,,,usa,,,,,,,,,,unknown,,438,437,1,0,2,440,20,20,5138037,#ffffbf,2,5,2,Illumina,NCBI,5,2,1,1,0,0,0,1,1,0,1,0,0,0,0,0,0,1,0,1,0,0
GCF_040676145.1,,Plant,Unknown,Unknown,Plant,,Plant,Plant,America,,,,40676145,,,,,usa,,,,,,,,,,unknown,,438,437,1,0,2,440,23,23,5137822,#ffffbf,2,4,0,Illumina,NCBI,4,0,0,1,0,0,0,1,1,0,1,0,0,0,0,0,0,1,1,1,0,1
GCF_040676315.1,,Plant,Zea mays,Poaceae,Plant,,Plant,Plant,Europe,,,,40676315,,,,,suiza,,,,,,,,,,maiz,,439,438,1,0,1,440,29,31,4677723,#ffffbf,2,4,0,Illumina,NCBI,4,0,0,1,0,0,0,1,1,0,1,0,0,0,0,0,0,1,1,1,0,1
GCF_900182855.1,,Plant,Zea mays,Poaceae,Plant,,Plant,Plant,Europe,,,,900182855,,,,,suiza,,,,,,,,,,maiz,,438,437,1,0,2,440,28,30,4677347,#ffffbf,2,2,2,Illumina,NCBI,2,2,0,1,0,1,0,1,1,0,1,0,0,0,0,0,0,1,1,1,0,0
GCF_900185875.1,GR13,Unknown,No_Plant,No_Plant,No_Plant,,No_plant,No_Plant,America,,,Contig,900185875,,,Pantoea,agglomerans,,,,44175,NCBI,Plant,Contig,n,,,,,438,437,1,0,2,440,4,4,4755241,#ffffbf,2,4,2,Illumina,NCBI,4,2,0,1,0,0,0,1,1,0,1,0,0,0,0,0,0,1,1,1,0,0
GCF_900454395.1,DSM3493T,Plant,Unknown,Unknown,Plant,,Plant,Plant,Europe,,,Contig,900454395,,,Pantoea,agglomerans,,,,6/15/17,Tipo,Plant,Contig,n,,,Plant,,438,437,1,0,2,440,33,33,4659376,#2b83ba,1,3,1,Illumina,NCBI,3,1,0,1,0,0,0,1,1,0,1,0,0,0,0,0,0,1,0,1,0,1
GCF_900454505.1,NCTC10601,Unknown,No_Plant,No_Plant,No_Plant,,No_plant,No_Plant,Europe,,,Contig,900454505,,,Pantoea,agglomerans,,,,43108,NCBI,Unknown,Contig,n,,,,,437,435,2,1,2,440,6,6,4756194,#2b83ba,1,3,3,Illumina,NCBI,3,3,1,1,0,1,0,1,1,0,1,0,0,0,0,0,0,1,0,1,0,1
GCF_902706165.1,NCTC10500,Animal,No_Plant,No_Plant,No_Plant,,No_plant,No_Plant,Europe,,,Contig,902706165,,,Pantoea,agglomerans,,,,43108,NCBI,Animal,Contig,n,,,Animal,,438,436,2,0,2,440,4,4,4655521,#ffffbf,2,3,1,Illumina,NCBI,3,1,1,1,1,0,0,1,1,0,1,0,0,0,0,0,0,1,1,1,0,0
GCF_905332865.1,,Plant,Fagus sylvatica,Fagaceae,Root,,Plant,Plant,Europe,,,,905332865,,,,,england,,,,,,,,,,tree-holes from the root buttresses of beech trees (Fagus sylvatica,,438,437,1,0,2,440,80,80,4729376,#2b83ba,1,3,1,Illumina,NCBI,3,1,0,1,0,0,0,1,1,0,1,0,0,0,0,0,0,1,0,1,0,1
GCF_943184895.1,RSO7,Unknown,No_Plant,No_Plant,No_Plant,,No_plant,No_Plant,Europe,,,Contig,943184895,,,Pantoea,agglomerans,,,,3/19/21,NCBI,Soil,Contig,n,,,,,438,436,2,0,2,440,128,128,4829129,#2b83ba,1,4,2,Illumina,NCBI,4,2,1,1,1,1,1,1,1,0,1,0,0,0,0,0,0,1,0,1,0,1
ISP113A35BSH120,113,Plant,Triticum sp.,Poaceae sp.,Seed,Wheat seeds,Plant,Seed,Europe,Triticum aestivum,Comercial,contigs,C-113,TV1,no,Pantoea,agglomerans,Leon,Chambo,Chambo,2020,ISP,Wheat seeds,contigs,n,,Leon,Wheat seeds_M,x,438,437,1,0,2,440,73,73,4891198,#d7191c,3,3,17,Illumina,This work,2,4,1,1,0,0,0,1,1,0,1,0,0,0,0,0,0,1,0,1,0,0
ISP136B15SPT20Q20,136,Plant,Triticum sp.,Poaceae sp.,Seed,Wheat seeds,Plant,Seed,Europe,Triticum dicoccum,Ancestral,contigs,C-136,PRUEBAS CAMPO,yes,Pantoea,agglomerans,Speltastur,Dicoccum,no,2020,ISP,Wheat seeds,contigs,n,,Asturias,Wheat seeds_M,x,438,437,1,0,2,440,53,53,5035051,#ffffbf,2,6,8,Illumina,This work,undetermined,undetermined,0,1,0,0,0,1,1,0,1,0,0,0,0,0,0,1,0,1,0,0
ISP142B21SPM20Q20b,142,Plant,Triticum sp.,Poaceae sp.,Seed,Wheat seeds,Plant,Seed,Europe,Triticum monococcum,Ancestral,contigs,C-142,PRUEBAS CAMPO,yes,Pantoea,agglomerans,Speltastur,Monococcum,no,2020,ISP,Wheat seeds,contigs,n,,Asturias,Wheat seeds_M,x,438,437,1,0,2,440,53,53,5034509,#ffffbf,2,6,8,Illumina,This work,undetermined,undetermined,0,1,0,0,0,1,1,0,1,0,0,0,0,0,0,1,0,1,0,0
ISP143B22SPM20Q20,143,Plant,Triticum sp.,Poaceae sp.,Seed,Wheat seeds,Plant,Seed,Europe,Triticum monococcum,Comercial,contigs,C-143,PRUEBAS CAMPO,yes,Pantoea,agglomerans,Speltastur,Monococcum,no,2020,ISP,Wheat seeds,contigs,y,,Asturias,Wheat seeds_M,x,438,437,1,0,2,440,70,70,4888986,#d7191c,3,3,17,Illumina,This work,2,4,0,1,0,0,0,1,1,0,1,0,0,0,0,0,0,1,0,1,0,0
ISP18721,187,Plant,Triticum sp.,Poaceae sp.,Seed,Wheat seeds,Plant,Seed,Europe,Triticum aestivum,Comercial,contigs,C-187,TV1,no,Pantoea,agglomerans,Leon,Chambo,Chambo,2021,ISP,Wheat seeds,contigs,n,,Leon,Wheat seeds_M,x,438,437,1,0,2,440,75,75,4890030,#d7191c,3,3,17,Illumina,This work,2,4,0,1,0,0,0,1,1,0,1,0,0,0,0,0,0,1,0,1,0,0
ISP19321,193,Plant,Triticum sp.,Poaceae sp.,Seed,Wheat seeds,Plant,Seed,Europe,Triticum spelta,Ancestral,contigs,C-193,TV2,no,Pantoea,agglomerans,Serida,SE16,SE16,2019,ISP,Wheat seeds,contigs,n,,Asturias,Wheat seeds_M,x,438,437,1,0,2,440,79,79,4890396,#d7191c,3,3,17,Illumina,This work,2,4,1,1,0,0,0,1,1,0,1,0,0,0,0,0,0,1,0,1,0,0
ISP19421,194,Plant,Triticum sp.,Poaceae sp.,Seed,Wheat seeds,Plant,Seed,Europe,Triticum spelta,Ancestral,contigs,C-194,TV2,no,Pantoea,agglomerans,Leon,SE16,SE16,2020,ISP,Wheat seeds,contigs,n,,Leon,Wheat seeds_M,x,438,437,1,0,2,440,70,70,4891013,#d7191c,3,3,12,Illumina,This work,2,4,0,1,0,0,0,1,1,0,1,0,0,0,0,0,0,1,0,1,0,0
ISP19621,196,Plant,Triticum sp.,Poaceae sp.,Seed,Wheat seeds,Plant,Seed,Europe,Triticum durum,Comercial,contigs,C-196,TV3,no,Pantoea,agglomerans,Leon,duro,TDR,2018,ISP,Wheat seeds,contigs,n,,Leon,Wheat seeds_M,x,438,437,1,0,2,440,83,83,4886183,#d7191c,3,3,18,Illumina,This work,2,4,0,1,0,0,0,1,1,0,1,0,0,0,0,0,0,1,0,1,0,0
ISP19721,197,Plant,Triticum sp.,Poaceae sp.,Seed,Wheat seeds,Plant,Seed,Europe,Triticum spelta,Ancestral,contigs,C-197,PGP+,no,Pantoea,agglomerans,Serida,SE64,SE64,2019,ISP,Wheat seeds,contigs,y,,Asturias,Wheat seeds_M,x,438,437,1,0,2,440,71,71,4889623,#d7191c,3,2,17,Illumina,This work,2,4,0,1,0,0,0,1,1,0,1,0,0,0,0,0,0,1,0,1,0,0
ISP20021,200,Plant,Triticum sp.,Poaceae sp.,Seed,Wheat seeds,Plant,Seed,Europe,Triticum spelta,Ancestral,contigs,C-200,PGP+,no,Pantoea,agglomerans,Serida,SE64,SE64,2012,ISP,Wheat seeds,contigs,y,,Asturias,Wheat seeds_M,x,438,437,1,0,2,440,70,70,4889700,#d7191c,3,3,17,Illumina,This work,2,4,0,1,0,0,0,1,1,0,1,0,0,0,0,0,0,1,0,1,0,0
ISP20422,204,Plant,Triticum sp.,Poaceae sp.,Seed,Wheat seeds,Plant,Seed,Europe,Triticum aestivum,Comercial,contigs,C-204,TV1,no,Pantoea,agglomerans,Leon,Chambo,Chambo,2019,ISP,Wheat seeds,contigs,n,,Leon,Wheat seeds_M,x,438,437,1,0,2,440,73,73,4889027,#d7191c,3,3,17,Illumina,This work,2,4,0,1,0,0,0,1,1,0,1,0,0,0,0,0,0,1,0,1,0,0
ISP205TRI712122,205,Plant,Triticum sp.,Poaceae sp.,Seed,Wheat seeds,Plant,Seed,Oceania,Triticum aestivum,Comercial_GB,contigs,C-205,PGP+,yes,Pantoea,agglomerans,NEW ZEALAND,blando,no,1975,ISP,Wheat seeds,contigs,y,,Germany,Wheat seeds_M,x,438,437,1,0,2,440,94,94,4881466,#d7191c,3,3,19,Illumina,This work,2,4,0,1,0,0,0,1,1,0,1,0,0,0,0,0,0,1,0,1,0,0
ISP206AE49822,206,Plant,Triticum sp.,Poaceae sp.,Seed,Wheat seeds,Plant,Seed,Asia,Aegilops tauschii,Ancestral_GB,contigs,C-206,PGP+,no,Pantoea,agglomerans,Rusia,Aegilops,no,1979,ISP,Wheat seeds,contigs,y,,Germany,Wheat seeds_M,x,438,437,1,0,2,440,67,67,4804132,#d7191c,3,3,17,Illumina,This work,2,4,0,1,0,0,0,1,1,0,1,0,0,0,0,0,0,1,0,1,0,0
ISP207KrafftsSiegerlnder22,207,Plant,Triticum sp.,Poaceae sp.,Seed,Wheat seeds,Plant,Seed,Europe,Triticum aestivum,Comercial_GB,contigs,C-207,PGP+,no,Pantoea,agglomerans,Germany,blando,no,1901-1910,ISP,Wheat seeds,contigs,y,,Germany,Wheat seeds_M,x,438,437,1,0,2,440,84,84,4802703,#d7191c,3,3,15,Illumina,This work,2,4,0,1,0,0,0,1,1,0,1,0,0,0,0,0,0,1,0,1,0,0
ISP208StrubesDickkopf22,208,Plant,Triticum sp.,Poaceae sp.,Seed,Wheat seeds,Plant,Seed,Europe,Triticum aestivum,Comercial_GB,contigs,C-208,PGP+,no,Pantoea,agglomerans,Germany,blando,no,1891-1900,ISP,Wheat seeds,contigs,y,,Germany,Wheat seeds_M,x,438,437,1,0,2,440,76,76,4803939,#d7191c,3,3,17,Illumina,This work,2,4,0,1,0,0,0,1,1,0,1,0,0,0,0,0,0,1,0,1,0,0
ISP211TRI199822,211,Plant,Triticum sp.,Poaceae sp.,Seed,Wheat seeds,Plant,Seed,Europe,Triticum monococcum,Ancestral_GB,contigs,C-211,PGP+,no,Pantoea,agglomerans,BULGARIA,Monococcum,no,1975,ISP,Wheat seeds,contigs,y,,Germany,Wheat seeds_M,x,438,437,1,0,2,440,81,81,4881199,#d7191c,3,3,16,Illumina,This work,2,4,0,1,0,0,0,1,1,0,1,0,0,0,0,0,0,1,0,1,0,0
ISP212TRI626322,212,Plant,Triticum sp.,Poaceae sp.,Seed,Wheat seeds,Plant,Seed,Asia,Triticum durum,Comercial_GB,contigs,C-212,PGP+,no,Pantoea,agglomerans,IRAN,duro,no,1975,ISP,Wheat seeds,contigs,y,,Germany,Wheat seeds_M,x,438,437,1,0,2,440,66,66,4888226,#d7191c,3,3,17,Illumina,This work,2,4,1,1,0,0,0,1,1,0,1,0,0,0,0,0,0,1,0,1,0,0
ISP213TRI44822,213,Plant,Triticum sp.,Poaceae sp.,Seed,Wheat seeds,Plant,Seed,America,Triticum durum,Comercial_GB,contigs,C-213,PGP+,no,Pantoea,agglomerans,ARGENTINA,duro,no,1975,ISP,Wheat seeds,contigs,y,,Germany,Wheat seeds_M,x,438,437,1,0,2,440,83,83,4886039,#d7191c,3,3,17,Illumina,This work,2,4,0,1,0,0,0,1,1,0,1,0,0,0,0,0,0,1,0,1,0,0
ISP215TRI44522,215,Plant,Triticum sp.,Poaceae sp.,Seed,Wheat seeds,Plant,Seed,America,Triticum dicoccum,Ancestral_GB,contigs,C-215,PGP+,no,Pantoea,agglomerans,,Dicoccum,no,,ISP,Wheat seeds,contigs,y,,Germany,Wheat seeds_M,x,438,437,1,0,2,440,80,80,4886980,#d7191c,3,3,17,Illumina,This work,2,4,0,1,0,0,0,1,1,0,1,0,0,0,0,0,0,1,0,1,0,0
ISP216TRI410122,216,Plant,Triticum sp.,Poaceae sp.,Seed,Wheat seeds,Plant,Seed,Asia,Triticum durum,Comercial_GB,contigs,C-216,PGP+,yes,Pantoea,agglomerans,AFGHANISTAN,duro,no,1975,ISP,Wheat seeds,contigs,y,,Germany,Wheat seeds_M,x,438,437,1,0,2,440,63,63,4803831,#d7191c,3,2,17,Illumina,This work,2,4,0,1,0,0,0,1,1,0,1,0,0,0,0,0,0,1,0,1,0,0
ISP21EFSP3TBR18,21,Plant,Triticum sp.,Poaceae sp.,Seed,Wheat seeds,Plant,Seed,Europe,Triticum aestivum,Comercial_GB,contigs,C-21,PGP+,no,Pantoea,agglomerans,Asturias,,,,ISP,Wheat seeds,,n,,Asturias,Wheat seeds_M,x,439,438,1,0,1,440,61,61,4787810,#ffffbf,2,2,5,Illumina,This work,2,5,0,1,1,0,0,1,1,0,0,0,0,0,0,0,0,1,0,1,0,0
ISP239TRI602222,239,Plant,Triticum sp.,Poaceae sp.,Seed,Wheat seeds,Plant,Seed,Asia,Triticum durum,Comercial_GB,contigs,C-239,PGP+,no,Pantoea,agglomerans,,,,,ISP,Wheat seeds,,y,,Germany,Wheat seeds_M,x,438,437,1,0,2,440,86,86,4884794,#d7191c,3,3,16,Illumina,This work,2,4,0,1,0,0,0,1,1,0,1,0,0,0,0,0,0,1,0,1,0,0
ISP240TRI416822,240,Plant,Triticum sp.,Poaceae sp.,Seed,Wheat seeds,Plant,Seed,Unknown,Triticum dicoccum,Ancestral_GB,contigs,C-240,PGP+,no,Pantoea,agglomerans,,Dicoccum,no,1975,ISP,Wheat seeds,contigs,y,,Germany,Wheat seeds_M,x,438,437,1,0,2,440,68,68,4888189,#d7191c,3,3,17,Illumina,This work,2,4,0,1,0,0,0,1,1,0,1,0,0,0,0,0,0,1,0,1,0,0
ISP242TRI586022,242,Plant,Triticum sp.,Poaceae sp.,Seed,Wheat seeds,Plant,Seed,Asia,Triticum dicoccum,Ancestral_GB,contigs,C-242,PGP+,no,Pantoea,agglomerans,IRAN,Dicoccum,no,1975,ISP,Wheat seeds,contigs,y,,Germany,Wheat seeds_M,x,438,437,1,0,2,440,80,80,4886234,#d7191c,3,3,17,Illumina,This work,2,4,0,1,0,0,0,1,1,0,1,0,0,0,0,0,0,1,0,1,0,0
ISP245AE20522,245,Plant,Triticum sp.,Poaceae sp.,Seed,Wheat seeds,Plant,Seed,Asia,Aegilops tauschii,Ancestral_GB,contigs,C-245,PGP+,no,Pantoea,agglomerans,AzerbaiyÃƒÆ’Ã‚Â¡n,Aegilops,no,1978,ISP,Wheat seeds,contigs,y,,Germany,Wheat seeds_M,x,438,437,1,0,2,440,70,70,4806329,#d7191c,3,3,11,Illumina,This work,2,4,0,1,0,0,0,1,1,0,1,0,0,0,0,0,0,1,0,1,0,0
ISP246TRI430622,246,Plant,Triticum sp.,Poaceae sp.,Seed,Wheat seeds,Plant,Seed,Europe,Triticum monococcum,Ancestral_GB,contigs,C-246,PGP+,no,Pantoea,agglomerans,,,,,ISP,Wheat seeds,,n,,Germany,Wheat seeds_M,x,438,437,1,0,2,440,96,96,5074332,#ffffbf,2,9,4,Illumina,This work,undetermined,4,0,1,1,0,0,1,1,0,1,0,0,0,0,0,0,1,0,1,0,1
ISP248TRI821222,248,Plant,Triticum sp.,Poaceae sp.,Seed,Wheat seeds,Plant,Seed,Africa,Triticum aestivum,Comercial_GB,contigs,C-248,PGP+,no,Pantoea,agglomerans,KENYA,blando,no,1975,ISP,Wheat seeds,contigs,y,,Germany,Wheat seeds_M,x,438,437,1,0,2,440,88,88,4802214,#d7191c,3,3,15,Illumina,This work,2,4,0,1,0,0,0,1,1,0,1,0,0,0,0,0,0,1,0,1,0,0
ISP250TRI436722,250,Plant,Triticum sp.,Poaceae sp.,Seed,Wheat seeds,Plant,Seed,Africa,Triticum durum,Comercial_GB,contigs,C-250,PGP+,yes,Pantoea,agglomerans,TUNISIA,duro,no,1975,ISP,Wheat seeds,contigs,y,,Germany,Wheat seeds_M,x,438,437,1,0,2,440,74,74,4805001,#d7191c,3,3,17,Illumina,This work,2,4,0,1,0,0,0,1,1,0,1,0,0,0,0,0,0,1,0,1,0,0
ISP252TRI416822,252,Plant,Triticum sp.,Poaceae sp.,Seed,Wheat seeds,Plant,Seed,Unknown,Triticum dicoccum,Ancestral_GB,contigs,C-252,PGP+,no,Pantoea,agglomerans,,,,,ISP,Wheat seeds,,y,,Germany,Wheat seeds_M,x,438,437,1,0,2,440,128,128,4868506,#d7191c,3,5,25,Illumina,This work,2,4,0,1,0,0,0,1,1,0,1,0,0,0,0,0,0,1,0,1,0,0
ISP254TRI602222,254,Plant,Triticum sp.,Poaceae sp.,Seed,Wheat seeds,Plant,Seed,Asia,Triticum durum,Comercial_GB,contigs,C-254,PGP+,no,Pantoea,agglomerans,,,,,ISP,Wheat seeds,,y,,Germany,Wheat seeds_M,x,438,437,1,0,2,440,69,69,4883381,#d7191c,3,2,17,Illumina,This work,2,4,0,1,0,0,0,1,1,0,1,0,0,0,0,0,0,1,0,1,0,0
ISP255TRI430622,255,Plant,Triticum sp.,Poaceae sp.,Seed,Wheat seeds,Plant,Seed,Europe,Triticum monococcum,Ancestral_GB,contigs,C-255,PGP+,no,Pantoea,agglomerans,SPAIN,Monococcum,no,1975,ISP,Wheat seeds,contigs,y,,Germany-SPAIN,Wheat seeds_M,x,438,437,1,0,2,440,75,75,4887120,#d7191c,3,3,17,Illumina,This work,2,4,0,1,0,0,0,1,1,0,1,0,0,0,0,0,0,1,0,1,0,0
ISP256AE20522,256,Plant,Triticum sp.,Poaceae sp.,Seed,Wheat seeds,Plant,Seed,Asia,Aegilops tauschii,Ancestral_GB,contigs,C-256,PGP+,no,Pantoea,agglomerans,,,,,ISP,Wheat seeds,,y,,Germany,Wheat seeds_M,x,438,437,1,0,2,440,88,88,4878540,#d7191c,3,8,10,Illumina,This work,2,4,0,1,0,0,0,1,1,0,1,0,0,0,0,0,0,1,0,1,0,0
ISP258TRI821222bis,,Plant,Triticum sp.,Poaceae sp.,Seed,Wheat seeds,Plant,Seed,Europe,Triticum aestivum,Comercial_GB,contigs,C-258,PGP+,no,Pantoea,agglomerans,KENYA,blando,no,1975,ISP,Wheat seeds,contigs,y,,Germany,Wheat seeds_M,x,438,437,1,0,2,440,57,57,5025662,#d7191c,3,6,11,Illumina,This work,2,4,0,1,0,0,0,1,1,0,1,0,0,0,0,0,0,1,0,1,0,0
ISP262TRI602222,262,Plant,Triticum sp.,Poaceae sp.,Seed,Wheat seeds,Plant,Seed,Asia,Triticum durum,Comercial_GB,contigs,C-262,PGP+,no,Pantoea,agglomerans,IRAN,duro,no,1975,ISP,Wheat seeds,contigs,y,,Germany,Wheat seeds,x,438,437,1,0,2,440,73,73,4804626,#d7191c,3,3,17,Illumina,This work,2,4,0,1,0,0,0,1,1,0,1,0,0,0,0,0,0,1,0,1,0,0
ISP263TRI195422,263,Plant,Triticum sp.,Poaceae sp.,Seed,Wheat seeds,Plant,Seed,Africa,Triticum durum,Comercial_GB,contigs,C-263,PGP+,no,Pantoea,agglomerans,,,,,ISP,Wheat seeds,,y,,Germany,Wheat seeds,x,438,437,1,0,2,440,75,75,4800178,#d7191c,3,3,16,Illumina,This work,2,4,0,1,0,0,0,1,1,0,1,0,0,0,0,0,0,1,0,1,0,0
ISP264TRI195422,264,Plant,Triticum sp.,Poaceae sp.,Seed,Wheat seeds,Plant,Seed,Africa,Triticum durum,Comercial_GB,contigs,C-264,PGP+,no,Pantoea,agglomerans,MOROCCO,duro,no,1975,ISP,Wheat seeds,contigs,y,,Germany,Wheat seeds,x,438,437,1,0,2,440,67,67,4888952,#d7191c,3,3,10,Illumina,This work,2,4,0,1,0,0,0,1,1,0,1,0,0,0,0,0,0,1,0,1,0,0
ISP266TRI602222,266,Plant,Triticum sp.,Poaceae sp.,Seed,Wheat seeds,Plant,Seed,Asia,Triticum durum,Comercial_GB,contigs,C-266,PGP+,no,Pantoea,agglomerans,,,,,ISP,Wheat seeds,,y,,Germany,Wheat seeds,x,438,437,1,0,2,440,109,109,4878309,#d7191c,3,5,21,Illumina,This work,2,4,0,1,0,0,0,1,1,0,0,0,0,0,0,0,0,1,0,1,0,0
ISP267TRI430622,267,Plant,Triticum sp.,Poaceae sp.,Seed,Wheat seeds,Plant,Seed,Europe,Triticum monococcum,Ancestral_GB,contigs,C-267,PGP+,no,Pantoea,agglomerans,,,,,ISP,Wheat seeds,,y,,Germany,Wheat seeds,x,438,437,1,0,2,440,77,77,4803207,#d7191c,3,4,17,Illumina,This work,2,4,0,1,0,0,0,1,1,0,1,0,0,0,0,0,0,1,0,1,0,0
ISP290TRI602222,290,Plant,Triticum sp.,Poaceae sp.,Seed,Wheat seeds,Plant,Seed,Asia,Triticum durum,Comercial_GB,contigs,C-290,PGP+,no,Pantoea,agglomerans,,,,,ISP,Wheat seeds,,n,,Germany,Wheat seeds,x,438,437,1,0,2,440,56,56,4895266,#ffffbf,2,8,2,Illumina,This work,undetermined,2,0,1,0,0,0,1,1,0,1,0,0,0,0,0,0,1,0,1,0,0
ISP307TRI602222,307,Plant,Triticum sp.,Poaceae sp.,Seed,Wheat seeds,Plant,Seed,Asia,Triticum durum,Comercial_GB,contigs,C-307,PGP+,no,Pantoea,agglomerans,,,,,ISP,Wheat seeds,,n,,Germany,Wheat seeds,x,438,437,1,0,2,440,58,58,4917531,#ffffbf,2,5,2,Illumina,This work,5,2,0,1,0,0,0,1,1,0,1,0,0,0,0,0,0,1,0,1,0,0
ISP88A10SE162020,88,Plant,Triticum sp.,Poaceae sp.,Seed,Wheat seeds,Plant,Seed,Europe,Triticum spelta,Ancestral,contigs,C-88,PRUEBAS CAMPO,yes,Pantoea,agglomerans,Leon,SE16,no,2020,ISP,Wheat seeds,contigs,n,,Leon,Wheat seeds_M,x,439,437,2,0,1,440,51,51,4984852,#2b83ba,1,4,7,Illumina,This work,4,7,0,1,0,0,0,1,1,0,1,0,0,0,0,0,0,1,0,1,0,0
ISP95A17DRA20,95,Plant,Triticum sp.,Poaceae sp.,Seed,Wheat seeds,Plant,Seed,Europe,Triticum durum,Comercial,contigs,C-95,TV3,no,Pantoea,agglomerans,Leon,duro,TDR,2020,ISP,Wheat seeds,contigs,n,,Leon,Wheat seeds_M,x,438,437,1,0,2,440,76,76,4887275,#d7191c,3,3,17,Illumina,This work,2,4,0,1,0,0,0,1,1,0,1,0,0,0,0,0,0,1,0,1,0,0
MRG05AA1TBR118,5,Plant,Triticum sp.,Poaceae sp.,Seed,Wheat seeds,Plant,Seed,Europe,Triticum aestivum,Comercial_GB,contigs,C-5,PGP+,no,Pantoea,agglomerans,Leon,,,,ISP,Wheat seeds,,n,,Leon,Wheat seeds_M,x,438,437,1,0,2,440,36,36,4800042,#ffffbf,2,5,2,Illumina,This work,5,2,0,1,0,0,0,1,1,0,1,0,0,0,0,0,0,1,1,1,0,1
MRG08A2TBR218,8,Plant,Triticum sp.,Poaceae sp.,Seed,Wheat seeds,Plant,Seed,Europe,Triticum aestivum,Comercial_GB,contigs,C-8,PGP+,no,Pantoea,agglomerans,Leon,,,,ISP,Wheat seeds,,n,,Leon,Wheat seeds_M,x,438,436,2,0,2,440,45,45,4878205,#2b83ba,1,4,3,Illumina,This work,4,3,0,1,0,0,0,1,1,1,1,0,1,0,0,0,0,1,0,1,0,1
RunII_barcode01,332,Plant,Triticum sp.,Poaceae sp.,Seed,Wheat seeds,Plant,Seed,Oceania,Triticum aestivum,Commercial,close,C-332,,yes,Pantoea,agglomerans,NEW ZEALAND,TRI 7121,no,,ISP,Wheat seeds,close,n,,Germany,Wheat seeds,x,354,353,1,60,26,440,6,6,4938776,#ffffbf,2,5,2,nanopore,This work,5,2,1,1,0,1,0,1,1,0,1,0,0,0,0,0,0,1,0,1,0,0
RunII_barcode02,358,Plant,Triticum sp.,Poaceae sp.,Seed,Wheat seeds,Plant,Seed,Asia,Aegilops tauschii,Ancestral,close,C-358,,yes,Pantoea,agglomerans,AzerbaiyÃƒÂ¡n,AE205,no,,ISP,Wheat seeds,close,n,,Germany,Wheat seeds,x,353,351,2,57,30,440,7,7,5224682,#2b83ba,1,6,2,nanopore,This work,6,2,1,1,0,1,0,1,1,1,1,0,0,0,0,0,0,1,0,1,0,0
RunII_barcode03,359,Plant,Triticum sp.,Poaceae sp.,Seed,Wheat seeds,Plant,Seed,Europe,Triticum spelta,Ancestral,close,C-359,,yes,Pantoea,agglomerans,Asturias (serida),SE36,no,,ISP,Wheat seeds,close,n,,Asturias,Wheat seeds,x,369,369,0,44,27,440,3,3,4791282,#ffffbf,2,2,2,nanopore,This work,2,2,0,1,0,1,0,1,1,0,1,0,0,0,0,0,0,1,0,1,0,0
RunII_barcode06,362,Plant,Triticum sp.,Poaceae sp.,Seed,Wheat seeds,Plant,Seed,Asia,Aegilops tauschii,Ancestral,close,C-362,,yes,Pantoea,agglomerans,UzbekistÃƒÂ¡n,AE_246,no,,ISP,Wheat seeds,close,n,,Germany,Wheat seeds,x,248,247,1,128,64,440,4,4,4949256,#ffffbf,2,3,2,nanopore,This work,3,2,0,1,0,1,0,1,1,0,1,0,0,0,0,0,0,1,0,1,0,0
RunII_barcode07,363,Plant,Triticum sp.,Poaceae sp.,Seed,Wheat seeds,Plant,Seed,Asia,Aegilops tauschii,Ancestral,close,C-363,,yes,Pantoea,agglomerans,UzbekistÃƒÂ¡n,AE_246,no,,ISP,Wheat seeds,close,n,,Germany,Wheat seeds,x,287,286,1,92,61,440,6,6,4750629,#ffffbf,2,3,1,nanopore,This work,3,1,1,1,1,1,0,1,1,0,0,0,0,0,0,0,0,1,0,1,0,0
RunII_barcode08,364,Plant,Triticum sp.,Poaceae sp.,Seed,Wheat seeds,Plant,Seed,Europe,Triticum aestivum,Commercial,close,C-364,,yes,Pantoea,agglomerans,Germany,stubes DickkopfA,no,,ISP,Wheat seeds,close,n,,Germany,Wheat seeds,x,376,375,1,46,18,440,4,4,4855069,#ffffbf,2,3,2,nanopore,This work,3,2,0,1,1,1,0,1,0,0,1,0,0,0,0,0,0,1,0,1,0,0
RunII_barcode09,365,Plant,Triticum sp.,Poaceae sp.,Seed,Wheat seeds,Plant,Seed,Europe,Triticum durum,Commercial,close,C-365,,yes,Pantoea,agglomerans,Spain (Leon),TDR,no,,ISP,Wheat seeds,close,n,,Leon,Wheat seeds,x,354,353,1,59,27,440,5,5,4859724,#ffffbf,2,4,2,nanopore,This work,4,2,0,1,1,1,0,1,1,0,0,0,0,0,0,0,0,1,1,1,0,0
RunII_barcode10,366,Plant,Triticum sp.,Poaceae sp.,Seed,Wheat seeds,Plant,Seed,Europe,Triticum durum,Commercial,close,C-366,,yes,Pantoea,agglomerans,Spain (Leon),TDR,no,,ISP,Wheat seeds,close,n,,Leon,Wheat seeds,x,312,312,0,88,40,440,4,4,4947291,#ffffbf,2,3,4,nanopore,This work,3,4,1,1,0,1,0,1,1,0,1,0,0,0,0,0,0,1,0,1,0,0
RunII_barcode11,367,Plant,Triticum sp.,Poaceae sp.,Seed,Wheat seeds,Plant,Seed,Europe,Triticum durum,Commercial,close,C-367,,yes,Pantoea,agglomerans,Spain (Leon),TDR,no,,ISP,Wheat seeds,close,n,,Leon,Wheat seeds,x,362,362,0,56,22,440,4,4,4851038,#ffffbf,2,3,1,nanopore,This work,3,1,1,1,1,1,0,1,1,0,1,0,0,0,0,0,0,1,1,1,0,0
RunII_barcode13,369,Plant,Triticum sp.,Poaceae sp.,Seed,Wheat seeds,Plant,Seed,Europe,Triticum aestivum,Commercial,close,C-369,,yes,Pantoea,agglomerans,Spain (Leon),BRNVil,no,,ISP,Wheat seeds,close,n,,Leon,Wheat seeds,x,366,365,1,55,19,440,3,3,4791757,#ffffbf,2,2,1,nanopore,This work,2,1,1,1,0,1,0,1,1,0,1,0,0,0,0,0,0,1,1,1,0,1
RunII_barcode14,370,Plant,Triticum sp.,Poaceae sp.,Seed,Wheat seeds,Plant,Seed,Europe,Triticum aestivum,Commercial,close,C-370,,yes,Pantoea,agglomerans,Spain (Leon),BRNVil,no,,ISP,Wheat seeds,close,n,,Leon,Wheat seeds,x,368,364,4,52,20,440,4,4,4867602,#ffffbf,2,2,1,nanopore,This work,2,1,1,1,0,1,0,1,1,0,1,0,0,0,0,0,0,1,1,1,0,1
RunII_barcode15,373,Plant,Triticum sp.,Poaceae sp.,Seed,Wheat seeds,Plant,Seed,Europe,Triticum monococcum,Ancestral,close,C-373,,yes,Pantoea,agglomerans,SPAIN,TRI_4306,no,,ISP,Wheat seeds,close,n,,Germany-SPAIN,Wheat seeds,x,267,266,1,120,53,440,4,4,4949974,#ffffbf,2,3,2,nanopore,This work,3,2,0,1,1,1,0,1,1,0,1,0,0,0,0,0,0,1,0,1,0,0
RunII_barcode16,374,Plant,Triticum sp.,Poaceae sp.,Seed,Wheat seeds,Plant,Seed,Europe,Triticum monococcum,Ancestral,close,C-374,,yes,Pantoea,agglomerans,SPAIN,TRI_4306,no,,ISP,Wheat seeds,close,n,,Germany-SPAIN,Wheat seeds,x,242,241,1,141,57,440,4,4,4949506,#ffffbf,2,3,2,nanopore,This work,3,2,0,1,1,1,0,1,1,0,1,0,0,0,0,0,0,1,0,1,0,0
RunII_barcode17,376,Plant,Triticum sp.,Poaceae sp.,Seed,Wheat seeds,Plant,Seed,Asia,Triticum durum,Commercial,close,C-376,,yes,Pantoea,agglomerans,IRAN,TRI_6263,no,,ISP,Wheat seeds,close,n,,Germany,Wheat seeds,x,346,346,0,71,23,440,4,4,4922443,#ffffbf,2,3,1,nanopore,This work,3,1,1,1,0,1,0,1,1,0,1,0,0,0,0,0,0,1,1,1,0,0
RunII_barcode18,377,Plant,Triticum sp.,Poaceae sp.,Seed,Wheat seeds,Plant,Seed,Asia,Triticum durum,Commercial,close,C-377,,yes,Pantoea,agglomerans,IRAN,TRI_6022,no,,ISP,Wheat seeds,close,n,,Germany,Wheat seeds,x,269,269,0,123,48,440,4,4,4950273,#ffffbf,2,3,2,nanopore,This work,3,2,1,1,1,1,0,1,1,0,1,0,0,0,0,0,0,1,0,1,0,0
RunII_barcode19,378,Plant,Triticum sp.,Poaceae sp.,Seed,Wheat seeds,Plant,Seed,Europe,Triticum monococcum,Ancestral,close,C-378,,yes,Pantoea,agglomerans,BULGARIA,TRI_1998,no,,ISP,Wheat seeds,close,n,singles,Germany,Wheat seeds,x,360,359,1,55,25,440,5,5,4865037,#2b83ba,1,4,2,nanopore,This work,4,2,1,1,1,1,1,1,1,0,1,0,0,0,0,0,0,1,0,1,0,0
RunIII_barcode02,360,Plant,Triticum sp.,Poaceae sp.,Seed,Wheat seeds,Plant,Seed,Unknown,Triticum dicoccum,Ancestral,close,C-360,,yes,Pantoea,agglomerans,,TRI_4168,no,,ISP,Wheat seeds,close,n,,Germany,Wheat seeds,x,438,437,1,0,2,440,4,4,4919678,#d7191c,3,2,6,nanopore,This work,2,4,1,1,0,1,0,1,1,0,1,0,0,0,0,0,0,1,0,1,0,0
RunIII_barcode03,381,Plant,Triticum sp.,Poaceae sp.,Seed,Wheat seeds,Plant,Seed,Europe,Triticum monococcum,Ancestral,close,C-381,,yes,Pantoea,agglomerans,Asturias (speltastur),SPM20Q,no,,ISP,Wheat seeds,close,n,,Asturias,Wheat seeds,x,438,437,1,0,2,440,7,7,4963457,#d7191c,3,2,7,nanopore,This work,2,4,1,1,0,1,0,1,1,0,1,0,0,0,0,0,0,1,0,1,0,0
RunIII_barcode04,385,Plant,Triticum sp.,Poaceae sp.,Seed,Wheat seeds,Plant,Seed,Africa,Triticum durum,Commercial,close,C-385,,yes,Pantoea,agglomerans,TUNISIA,TRI_4367,no,,ISP,Wheat seeds,close,n,,Germany,Wheat seeds,x,438,437,1,0,2,440,4,4,4932272,#d7191c,3,2,5,nanopore,This work,2,4,1,1,0,1,0,1,1,0,1,0,0,0,0,0,0,1,0,1,0,0
RunIII_barcode05,368,Plant,Triticum sp.,Poaceae sp.,Seed,Wheat seeds,Plant,Seed,Europe,Triticum aestivum,Commercial,close,C-368,,yes,Pantoea,agglomerans,Spain (Leon),BRNVil,no,,ISP,Wheat seeds,close,n,,Leon,Wheat seeds,x,438,437,1,0,2,440,3,3,4796325,#ffffbf,2,2,1,nanopore,This work,2,1,1,1,0,1,0,1,1,0,1,0,0,0,0,0,0,1,1,1,0,1
RunIII_barcode06,386,Plant,Triticum sp.,Poaceae sp.,Seed,Wheat seeds,Plant,Seed,Europe,Triticum spelta,Ancestral,close,C-386,,yes,Pantoea,agglomerans,Asturias (serida),SE36,no,,ISP,Wheat seeds,close,n,,Asturias,Wheat seeds,x,438,437,1,0,2,440,4,4,4928292,#ffffbf,2,3,0,nanopore,This work,3,0,1,1,0,1,0,1,1,0,1,0,0,0,0,0,0,1,0,1,0,0
RunIII_barcode09,390,Plant,Triticum sp.,Poaceae sp.,Seed,Wheat seeds,Plant,Seed,Europe,Triticum aestivum,Commercial,close,C-390,,yes,Pantoea,agglomerans,Villaornate (LeÃƒÂ³n),BRNVil,no,,ISP,Wheat seeds,close,n,,Leon,Wheat seeds,x,437,435,2,1,2,440,5,5,4886094,#2b83ba,1,2,2,nanopore,This work,2,2,1,1,0,1,0,1,1,0,1,0,0,0,0,0,0,1,0,1,0,1
RunIII_barcode11,392,Plant,Triticum sp.,Poaceae sp.,Seed,Wheat seeds,Plant,Seed,Asia,Aegilops tauschii,Ancestral,close,C-392,,yes,Pantoea,agglomerans,UzbekistÃƒÂ¡n,AE_246,no,,ISP,Wheat seeds,close,n,,Germany,Wheat seeds,x,438,437,1,0,2,440,6,6,4950361,#ffffbf,2,5,2,nanopore,This work,5,2,1,1,0,1,0,1,1,0,1,0,0,0,0,0,0,1,0,1,0,0
RunIII_barcode13,394,Plant,Triticum sp.,Poaceae sp.,Seed,Wheat seeds,Plant,Seed,Europe,Triticum aestivum,Commercial,close,C-394,,yes,Pantoea,agglomerans,Villaornate (LeÃƒÂ³n),BRAJua,no,,ISP,Wheat seeds,close,n,,Leon,Wheat seeds,x,438,436,2,1,1,440,19,19,4907886,#2b83ba,1,6,2,nanopore,This work,6,2,0,1,0,1,0,1,1,0,1,0,0,0,0,0,0,1,0,1,0,1
RunIII_barcode19,406,Plant,Triticum sp.,Poaceae sp.,Seed,Wheat seeds,Plant,Seed,Europe,Triticum aestivum,Commercial,close,C-406,,yes,Pantoea,agglomerans,Matanza  (LeÃƒÂ³n),BSCMat21,no,,ISP,Wheat seeds,close,n,,Leon,Wheat seeds,x,437,435,2,1,2,440,4,4,5009923,#2b83ba,1,3,4,nanopore,This work,3,4,1,1,0,1,1,1,1,0,1,0,0,0,0,0,0,1,0,1,0,1
RunIV_barcode07,387,Plant,Triticum sp.,Poaceae sp.,Seed,Wheat seeds,Plant,Seed,Asia,Triticum durum,Commercial,close,C-387,,yes,Pantoea,agglomerans,AFGHANISTAN,TRI_4101,no,,ISP,Wheat seeds,close,n,,Germany,Wheat seeds,x,438,437,1,0,2,440,4,4,4844101,#ffffbf,2,3,1,nanopore,This work,3,1,1,1,1,1,0,1,1,0,1,0,0,0,0,0,0,1,0,1,0,0
RunIV_barcode12,393,Plant,Triticum sp.,Poaceae sp.,Seed,Wheat seeds,Plant,Seed,Asia,Triticum durum,Commercial,close,C-393,,yes,Pantoea,agglomerans,IRAN,TRI_6263,no,,ISP,Wheat seeds,close,n,,Germany,Wheat seeds,x,438,437,1,0,2,440,4,4,4998337,#ffffbf,2,3,3,nanopore,This work,3,3,1,1,1,1,0,1,1,0,1,0,0,0,0,0,0,1,1,1,0,1
RunIV_barcode14,396,Plant,Triticum sp.,Poaceae sp.,Seed,Wheat seeds,Plant,Seed,Europe,Triticum aestivum,Commercial,close,C-396,,yes,Pantoea,agglomerans,Villaornate (LeÃƒÂ³n),BRAJua,no,,ISP,Wheat seeds,close,n,,Leon,Wheat seeds,x,438,436,2,0,2,440,7,7,4921011,#2b83ba,1,4,2,nanopore,This work,4,2,0,1,0,0,0,1,1,0,1,0,0,0,0,0,0,1,0,1,0,1
RunIV_barcode15,398,Plant,Triticum sp.,Poaceae sp.,Seed,Wheat seeds,Plant,Seed,Europe,Triticum aestivum,Commercial,close,C-398,,yes,Pantoea,agglomerans,Melgar de Abajo (Valladolid),TBS,no,,ISP,Wheat seeds,close,n,,Leon,Wheat seeds,x,439,438,1,0,1,440,3,3,4810487,#ffffbf,2,2,1,nanopore,This work,2,1,1,1,1,1,0,1,1,0,1,0,0,0,0,0,0,1,1,1,0,0
RunIV_barcode17,401,Plant,Triticum sp.,Poaceae sp.,Seed,Wheat seeds,Plant,Seed,Asia,Triticum durum,Commercial,close,C-401,,yes,Pantoea,agglomerans,IRAN,TRI_6022,no,,ISP,Wheat seeds,close,n,,Germany,Wheat seeds,x,438,437,1,0,2,440,5,5,5008883,#ffffbf,2,4,1,nanopore,This work,4,1,1,1,1,1,0,1,1,0,1,0,0,0,0,0,0,1,1,1,0,0
RunIV_barcode21,416,Plant,Triticum sp.,Poaceae sp.,Seed,Wheat seeds,Plant,Seed,Europe,Triticum aestivum,Commercial,close,C-416,,yes,Pantoea,agglomerans,Villaornate (LeÃƒÂ³n),TBR,no,,ISP,Wheat seeds,close,n,,Leon,Wheat seeds,x,438,437,1,0,2,440,3,3,4776872,#ffffbf,2,2,2,nanopore,This work,2,2,1,1,1,1,0,1,1,0,1,0,0,0,0,0,0,1,1,1,0,0
RunIV_barcode25,410,Plant,Triticum sp.,Poaceae sp.,Seed,Wheat seeds,Plant,Seed,Africa,Triticum aestivum,Commercial,close,C-410,,yes,Pantoea,agglomerans,KENYA,TRI_8212,no,,ISP,Wheat seeds,close,n,,Germany,Wheat seeds,x,436,435,1,2,2,440,3,3,4693401,#ffffbf,2,2,0,nanopore,This work,2,0,1,1,0,1,0,1,1,0,1,0,0,0,0,0,0,1,1,1,0,0
RunIV_barcode26,421,Plant,Triticum sp.,Poaceae sp.,Seed,Wheat seeds,Plant,Seed,Asia,Triticum durum,Commercial,close,C-421,,yes,Pantoea,agglomerans,AFGHANISTAN,TRI_4101,no,,ISP,Wheat seeds,close,n,,Germany,Wheat seeds,x,437,436,1,1,2,440,6,6,4855039,#ffffbf,2,4,2,nanopore,This work,4,2,1,1,1,1,0,1,1,0,1,0,0,0,0,0,0,1,0,1,0,0
RunIV_barcode27,422,Plant,Triticum sp.,Poaceae sp.,Seed,Wheat seeds,Plant,Seed,Asia,Triticum durum,Commercial,close,C-422,,yes,Pantoea,agglomerans,IRAN,TRI_6263,no,,ISP,Wheat seeds,close,n,,Germany,Wheat seeds,x,434,433,1,4,2,440,4,4,4941594,#ffffbf,2,3,3,nanopore,This work,3,3,1,1,1,1,0,1,1,0,1,0,0,0,0,0,0,1,0,1,0,0
