"Gene","Annotation"
"besA","hypothetical protein"
"cycB","Cyclodextrin-binding protein"
"group_1112","hypothetical protein"
"malK_2","Maltose/maltodextrin import ATP-binding protein MalK"
"cheZ_2","Protein phosphatase CheZ"
"ganB","Arabinogalactan endo-beta-1,4-galactanase"
"gltC_2","HTH-type transcriptional regulator GltC"
"group_15","hypothetical protein"
"group_1534","hypothetical protein"
"group_1535","hypothetical protein"
"lacI_2","Lactose operon repressor"
"malG_1","Maltose/maltodextrin transport system permease protein MalG"
"lamB_1","Maltoporin"
"group_3070","hypothetical protein"
"gstB_2","Glutathione S-transferase GST-6.0"
"htpX_2","Protease HtpX"
"bglY","Beta-galactosidase BglY"
"group_62","hypothetical protein"
"dgcE_2","putative diguanylate cyclase DgcE"
"malF_1","hypothetical protein"
"group_19","hypothetical protein"
"group_3467","hypothetical protein"
"group_1682","hypothetical protein"
"fliD","Flagellar hook-associated protein 2"
"rcsA","Transcriptional regulatory protein RcsA"
"fliR","Flagellar biosynthetic protein FliR"
"group_4871","hypothetical protein"
"group_1905","hypothetical protein"
"group_394","hypothetical protein"
"group_30","hypothetical protein"
"group_589","HTH-type transcriptional regulator PgrR"
"thadh","L-threo-3-hydroxyaspartate ammonia-lyase"
"group_1779","hypothetical protein"
"group_56","hypothetical protein"
"group_516","hypothetical protein"
"group_2801","hypothetical protein"
"oxdD","Oxalate decarboxylase OxdD"
"group_25","hypothetical protein"
"group_64","hypothetical protein"
"group_2401","hypothetical protein"
"group_1246","hypothetical protein"
"malX_2","PTS system maltose-specific EIICB component"
"malY","Protein MalY"
"malI","Maltose regulon regulatory protein MalI"
"group_103","hypothetical protein"
"butA","Diacetyl reductase [(S)-acetoin forming]"
"group_626","hypothetical protein"
"mscS","Small-conductance mechanosensitive channel"
"acoR","Acetoin dehydrogenase operon transcriptional activator AcoR"
